code,distance,noise_profile,error_rate,model,sim_LER,n_shots
surface_code,3,dp0.001_mf0.01_rf0.01_gd0.008,0.005,NoCorrection,0.014870,100000
surface_code,3,dp0.001_mf0.01_rf0.01_gd0.008,0.005,MWPM,0.140410,100000
surface_code,3,dp0.001_mf0.01_rf0.01_gd0.008,0.005,MWPM_mv,0.092000,100000
surface_code,3,dp0.001_mf0.01_rf0.01_gd0.008,0.005,CNN,0.078170,100000
surface_code,3,dp0.001_mf0.01_rf0.01_gd0.008,0.005,GCN,0.122650,100000
surface_code,3,dp0.001_mf0.01_rf0.01_gd0.008,0.005,GCNII,0.985100,100000
surface_code,3,dp0.001_mf0.01_rf0.01_gd0.008,0.005,GAT,0.123750,100000
surface_code,3,dp0.001_mf0.01_rf0.01_gd0.008,0.005,APPNP,0.015150,100000
surface_code,3,dp0.001_mf0.01_rf0.01_gd0.008,0.005,GNN,0.374000,100000
surface_code,3,dp0.001_mf0.01_rf0.01_gd0.008,0.005,GraphTransformer,0.027340,100000
surface_code,3,dp0.001_mf0.01_rf0.01_gd0.008,0.005,GraphMamba,0.028400,100000
surface_code,3,dp0.001_mf0.01_rf0.01_gd0.008,0.01,NoCorrection,0.028930,100000
surface_code,3,dp0.001_mf0.01_rf0.01_gd0.008,0.01,MWPM,0.141950,100000
surface_code,3,dp0.001_mf0.01_rf0.01_gd0.008,0.01,MWPM_mv,0.094170,100000
surface_code,3,dp0.001_mf0.01_rf0.01_gd0.008,0.01,CNN,0.091030,100000
surface_code,3,dp0.001_mf0.01_rf0.01_gd0.008,0.01,GCN,0.612570,100000
surface_code,3,dp0.001_mf0.01_rf0.01_gd0.008,0.01,GCNII,0.971070,100000
surface_code,3,dp0.001_mf0.01_rf0.01_gd0.008,0.01,GAT,0.091590,100000
surface_code,3,dp0.001_mf0.01_rf0.01_gd0.008,0.01,APPNP,0.971070,100000
surface_code,3,dp0.001_mf0.01_rf0.01_gd0.008,0.01,GNN,0.364860,100000
surface_code,3,dp0.001_mf0.01_rf0.01_gd0.008,0.01,GraphTransformer,0.040960,100000
surface_code,3,dp0.001_mf0.01_rf0.01_gd0.008,0.01,GraphMamba,0.042790,100000
surface_code,3,dp0.001_mf0.01_rf0.01_gd0.008,0.05,NoCorrection,0.137220,100000
surface_code,3,dp0.001_mf0.01_rf0.01_gd0.008,0.05,MWPM,0.179600,100000
surface_code,3,dp0.001_mf0.01_rf0.01_gd0.008,0.05,MWPM_mv,0.129850,100000
surface_code,3,dp0.001_mf0.01_rf0.01_gd0.008,0.05,CNN,0.175890,100000
surface_code,3,dp0.001_mf0.01_rf0.01_gd0.008,0.05,GCN,0.137220,100000
surface_code,3,dp0.001_mf0.01_rf0.01_gd0.008,0.05,GCNII,0.862780,100000
surface_code,3,dp0.001_mf0.01_rf0.01_gd0.008,0.05,GAT,0.185540,100000
surface_code,3,dp0.001_mf0.01_rf0.01_gd0.008,0.05,APPNP,0.862780,100000
surface_code,3,dp0.001_mf0.01_rf0.01_gd0.008,0.05,GNN,0.183770,100000
surface_code,3,dp0.001_mf0.01_rf0.01_gd0.008,0.05,GraphTransformer,0.131270,100000
surface_code,3,dp0.001_mf0.01_rf0.01_gd0.008,0.05,GraphMamba,0.129640,100000
surface_code,3,dp0.005_mf0.02_rf0.02_gd0.015,0.005,NoCorrection,0.014680,100000
surface_code,3,dp0.005_mf0.02_rf0.02_gd0.015,0.005,MWPM,0.213410,100000
surface_code,3,dp0.005_mf0.02_rf0.02_gd0.015,0.005,MWPM_mv,0.161400,100000
surface_code,3,dp0.005_mf0.02_rf0.02_gd0.015,0.005,CNN,0.131890,100000
surface_code,3,dp0.005_mf0.02_rf0.02_gd0.015,0.005,GCN,0.068120,100000
surface_code,3,dp0.005_mf0.02_rf0.02_gd0.015,0.005,GCNII,0.985320,100000
surface_code,3,dp0.005_mf0.02_rf0.02_gd0.015,0.005,GAT,0.126660,100000
surface_code,3,dp0.005_mf0.02_rf0.02_gd0.015,0.005,APPNP,0.014680,100000
surface_code,3,dp0.005_mf0.02_rf0.02_gd0.015,0.005,GNN,0.035890,100000
surface_code,3,dp0.005_mf0.02_rf0.02_gd0.015,0.005,GraphTransformer,0.021860,100000
surface_code,3,dp0.005_mf0.02_rf0.02_gd0.015,0.005,GraphMamba,0.038530,100000
surface_code,3,dp0.005_mf0.02_rf0.02_gd0.015,0.01,NoCorrection,0.029250,100000
surface_code,3,dp0.005_mf0.02_rf0.02_gd0.015,0.01,MWPM,0.216390,100000
surface_code,3,dp0.005_mf0.02_rf0.02_gd0.015,0.01,MWPM_mv,0.162300,100000
surface_code,3,dp0.005_mf0.02_rf0.02_gd0.015,0.01,CNN,0.134360,100000
surface_code,3,dp0.005_mf0.02_rf0.02_gd0.015,0.01,GCN,0.080950,100000
surface_code,3,dp0.005_mf0.02_rf0.02_gd0.015,0.01,GCNII,0.168740,100000
surface_code,3,dp0.005_mf0.02_rf0.02_gd0.015,0.01,GAT,0.136570,100000
surface_code,3,dp0.005_mf0.02_rf0.02_gd0.015,0.01,APPNP,0.970630,100000
surface_code,3,dp0.005_mf0.02_rf0.02_gd0.015,0.01,GNN,0.118760,100000
surface_code,3,dp0.005_mf0.02_rf0.02_gd0.015,0.01,GraphTransformer,0.047840,100000
surface_code,3,dp0.005_mf0.02_rf0.02_gd0.015,0.01,GraphMamba,0.052140,100000
surface_code,3,dp0.005_mf0.02_rf0.02_gd0.015,0.05,NoCorrection,0.135780,100000
surface_code,3,dp0.005_mf0.02_rf0.02_gd0.015,0.05,MWPM,0.257060,100000
surface_code,3,dp0.005_mf0.02_rf0.02_gd0.015,0.05,MWPM_mv,0.200600,100000
surface_code,3,dp0.005_mf0.02_rf0.02_gd0.015,0.05,CNN,0.224350,100000
surface_code,3,dp0.005_mf0.02_rf0.02_gd0.015,0.05,GCN,0.226490,100000
surface_code,3,dp0.005_mf0.02_rf0.02_gd0.015,0.05,GCNII,0.864220,100000
surface_code,3,dp0.005_mf0.02_rf0.02_gd0.015,0.05,GAT,0.218770,100000
surface_code,3,dp0.005_mf0.02_rf0.02_gd0.015,0.05,APPNP,0.686560,100000
surface_code,3,dp0.005_mf0.02_rf0.02_gd0.015,0.05,GNN,0.738180,100000
surface_code,3,dp0.005_mf0.02_rf0.02_gd0.015,0.05,GraphTransformer,0.153360,100000
surface_code,3,dp0.005_mf0.02_rf0.02_gd0.015,0.05,GraphMamba,0.152400,100000
surface_code,3,dp0.01_mf0.05_rf0.05_gd0.01,0.005,NoCorrection,0.015400,100000
surface_code,3,dp0.01_mf0.05_rf0.05_gd0.01,0.005,MWPM,0.248860,100000
surface_code,3,dp0.01_mf0.05_rf0.05_gd0.01,0.005,MWPM_mv,0.203130,100000
surface_code,3,dp0.01_mf0.05_rf0.05_gd0.01,0.005,CNN,0.200680,100000
surface_code,3,dp0.01_mf0.05_rf0.05_gd0.01,0.005,GCN,0.778180,100000
surface_code,3,dp0.01_mf0.05_rf0.05_gd0.01,0.005,GCNII,0.984600,100000
surface_code,3,dp0.01_mf0.05_rf0.05_gd0.01,0.005,GAT,0.189990,100000
surface_code,3,dp0.01_mf0.05_rf0.05_gd0.01,0.005,APPNP,0.478340,100000
surface_code,3,dp0.01_mf0.05_rf0.05_gd0.01,0.005,GNN,0.383390,100000
surface_code,3,dp0.01_mf0.05_rf0.05_gd0.01,0.005,GraphTransformer,0.015400,100000
surface_code,3,dp0.01_mf0.05_rf0.05_gd0.01,0.005,GraphMamba,0.023890,100000
surface_code,3,dp0.01_mf0.05_rf0.05_gd0.01,0.01,NoCorrection,0.029560,100000
surface_code,3,dp0.01_mf0.05_rf0.05_gd0.01,0.01,MWPM,0.251760,100000
surface_code,3,dp0.01_mf0.05_rf0.05_gd0.01,0.01,MWPM_mv,0.205380,100000
surface_code,3,dp0.01_mf0.05_rf0.05_gd0.01,0.01,CNN,0.199710,100000
surface_code,3,dp0.01_mf0.05_rf0.05_gd0.01,0.01,GCN,0.541700,100000
surface_code,3,dp0.01_mf0.05_rf0.05_gd0.01,0.01,GCNII,0.029560,100000
surface_code,3,dp0.01_mf0.05_rf0.05_gd0.01,0.01,GAT,0.292460,100000
surface_code,3,dp0.01_mf0.05_rf0.05_gd0.01,0.01,APPNP,0.966570,100000
surface_code,3,dp0.01_mf0.05_rf0.05_gd0.01,0.01,GNN,0.054190,100000
surface_code,3,dp0.01_mf0.05_rf0.05_gd0.01,0.01,GraphTransformer,0.036990,100000
surface_code,3,dp0.01_mf0.05_rf0.05_gd0.01,0.01,GraphMamba,0.049700,100000
surface_code,3,dp0.01_mf0.05_rf0.05_gd0.01,0.05,NoCorrection,0.135240,100000
surface_code,3,dp0.01_mf0.05_rf0.05_gd0.01,0.05,MWPM,0.292150,100000
surface_code,3,dp0.01_mf0.05_rf0.05_gd0.01,0.05,MWPM_mv,0.245380,100000
surface_code,3,dp0.01_mf0.05_rf0.05_gd0.01,0.05,CNN,0.286220,100000
surface_code,3,dp0.01_mf0.05_rf0.05_gd0.01,0.05,GCN,0.235590,100000
surface_code,3,dp0.01_mf0.05_rf0.05_gd0.01,0.05,GCNII,0.140670,100000
surface_code,3,dp0.01_mf0.05_rf0.05_gd0.01,0.05,GAT,0.228350,100000
surface_code,3,dp0.01_mf0.05_rf0.05_gd0.01,0.05,APPNP,0.135240,100000
surface_code,3,dp0.01_mf0.05_rf0.05_gd0.01,0.05,GNN,0.148310,100000
surface_code,3,dp0.01_mf0.05_rf0.05_gd0.01,0.05,GraphTransformer,0.162530,100000
surface_code,3,dp0.01_mf0.05_rf0.05_gd0.01,0.05,GraphMamba,0.166160,100000
surface_code,5,dp0.001_mf0.01_rf0.01_gd0.008,0.005,NoCorrection,0.024300,100000
surface_code,5,dp0.001_mf0.01_rf0.01_gd0.008,0.005,MWPM,0.289010,100000
surface_code,5,dp0.001_mf0.01_rf0.01_gd0.008,0.005,MWPM_mv,0.211420,100000
surface_code,5,dp0.001_mf0.01_rf0.01_gd0.008,0.005,CNN,0.080800,100000
surface_code,5,dp0.001_mf0.01_rf0.01_gd0.008,0.005,GCN,0.083410,100000
surface_code,5,dp0.001_mf0.01_rf0.01_gd0.008,0.005,GCNII,0.975700,100000
surface_code,5,dp0.001_mf0.01_rf0.01_gd0.008,0.005,GAT,0.081870,100000
surface_code,5,dp0.001_mf0.01_rf0.01_gd0.008,0.005,APPNP,0.024300,100000
surface_code,5,dp0.001_mf0.01_rf0.01_gd0.008,0.005,GNN,0.037680,100000
surface_code,5,dp0.001_mf0.01_rf0.01_gd0.008,0.005,GraphTransformer,0.038750,100000
surface_code,5,dp0.001_mf0.01_rf0.01_gd0.008,0.005,GraphMamba,0.060940,100000
surface_code,5,dp0.001_mf0.01_rf0.01_gd0.008,0.01,NoCorrection,0.048850,100000
surface_code,5,dp0.001_mf0.01_rf0.01_gd0.008,0.01,MWPM,0.291620,100000
surface_code,5,dp0.001_mf0.01_rf0.01_gd0.008,0.01,MWPM_mv,0.213490,100000
surface_code,5,dp0.001_mf0.01_rf0.01_gd0.008,0.01,CNN,0.100650,100000
surface_code,5,dp0.001_mf0.01_rf0.01_gd0.008,0.01,GCN,0.854710,100000
surface_code,5,dp0.001_mf0.01_rf0.01_gd0.008,0.01,GCNII,0.951150,100000
surface_code,5,dp0.001_mf0.01_rf0.01_gd0.008,0.01,GAT,0.115420,100000
surface_code,5,dp0.001_mf0.01_rf0.01_gd0.008,0.01,APPNP,0.048850,100000
surface_code,5,dp0.001_mf0.01_rf0.01_gd0.008,0.01,GNN,0.061440,100000
surface_code,5,dp0.001_mf0.01_rf0.01_gd0.008,0.01,GraphTransformer,0.063260,100000
surface_code,5,dp0.001_mf0.01_rf0.01_gd0.008,0.01,GraphMamba,0.067030,100000
surface_code,5,dp0.001_mf0.01_rf0.01_gd0.008,0.05,NoCorrection,0.204730,100000
surface_code,5,dp0.001_mf0.01_rf0.01_gd0.008,0.05,MWPM,0.331230,100000
surface_code,5,dp0.001_mf0.01_rf0.01_gd0.008,0.05,MWPM_mv,0.248100,100000
surface_code,5,dp0.001_mf0.01_rf0.01_gd0.008,0.05,CNN,0.250200,100000
surface_code,5,dp0.001_mf0.01_rf0.01_gd0.008,0.05,GCN,0.757330,100000
surface_code,5,dp0.001_mf0.01_rf0.01_gd0.008,0.05,GCNII,0.204730,100000
surface_code,5,dp0.001_mf0.01_rf0.01_gd0.008,0.05,GAT,0.239360,100000
surface_code,5,dp0.001_mf0.01_rf0.01_gd0.008,0.05,APPNP,0.204730,100000
surface_code,5,dp0.001_mf0.01_rf0.01_gd0.008,0.05,GNN,0.285820,100000
surface_code,5,dp0.001_mf0.01_rf0.01_gd0.008,0.05,GraphTransformer,0.199930,100000
surface_code,5,dp0.001_mf0.01_rf0.01_gd0.008,0.05,GraphMamba,0.203850,100000
surface_code,5,dp0.005_mf0.02_rf0.02_gd0.015,0.005,NoCorrection,0.025090,100000
surface_code,5,dp0.005_mf0.02_rf0.02_gd0.015,0.005,MWPM,0.348990,100000
surface_code,5,dp0.005_mf0.02_rf0.02_gd0.015,0.005,MWPM_mv,0.308860,100000
surface_code,5,dp0.005_mf0.02_rf0.02_gd0.015,0.005,CNN,0.133630,100000
surface_code,5,dp0.005_mf0.02_rf0.02_gd0.015,0.005,GCN,0.274680,100000
surface_code,5,dp0.005_mf0.02_rf0.02_gd0.015,0.005,GCNII,0.025090,100000
surface_code,5,dp0.005_mf0.02_rf0.02_gd0.015,0.005,GAT,0.190800,100000
surface_code,5,dp0.005_mf0.02_rf0.02_gd0.015,0.005,APPNP,0.864200,100000
surface_code,5,dp0.005_mf0.02_rf0.02_gd0.015,0.005,GNN,0.161540,100000
surface_code,5,dp0.005_mf0.02_rf0.02_gd0.015,0.005,GraphTransformer,0.035160,100000
surface_code,5,dp0.005_mf0.02_rf0.02_gd0.015,0.005,GraphMamba,0.046660,100000
surface_code,5,dp0.005_mf0.02_rf0.02_gd0.015,0.01,NoCorrection,0.048580,100000
surface_code,5,dp0.005_mf0.02_rf0.02_gd0.015,0.01,MWPM,0.356890,100000
surface_code,5,dp0.005_mf0.02_rf0.02_gd0.015,0.01,MWPM_mv,0.311050,100000
surface_code,5,dp0.005_mf0.02_rf0.02_gd0.015,0.01,CNN,0.161550,100000
surface_code,5,dp0.005_mf0.02_rf0.02_gd0.015,0.01,GCN,0.555550,100000
surface_code,5,dp0.005_mf0.02_rf0.02_gd0.015,0.01,GCNII,0.951420,100000
surface_code,5,dp0.005_mf0.02_rf0.02_gd0.015,0.01,GAT,0.157020,100000
surface_code,5,dp0.005_mf0.02_rf0.02_gd0.015,0.01,APPNP,0.752270,100000
surface_code,5,dp0.005_mf0.02_rf0.02_gd0.015,0.01,GNN,0.050300,100000
surface_code,5,dp0.005_mf0.02_rf0.02_gd0.015,0.01,GraphTransformer,0.064060,100000
surface_code,5,dp0.005_mf0.02_rf0.02_gd0.015,0.01,GraphMamba,0.091600,100000
surface_code,5,dp0.005_mf0.02_rf0.02_gd0.015,0.05,NoCorrection,0.203560,100000
surface_code,5,dp0.005_mf0.02_rf0.02_gd0.015,0.05,MWPM,0.395430,100000
surface_code,5,dp0.005_mf0.02_rf0.02_gd0.015,0.05,MWPM_mv,0.346660,100000
surface_code,5,dp0.005_mf0.02_rf0.02_gd0.015,0.05,CNN,0.273700,100000
surface_code,5,dp0.005_mf0.02_rf0.02_gd0.015,0.05,GCN,0.497200,100000
surface_code,5,dp0.005_mf0.02_rf0.02_gd0.015,0.05,GCNII,0.203560,100000
surface_code,5,dp0.005_mf0.02_rf0.02_gd0.015,0.05,GAT,0.286020,100000
surface_code,5,dp0.005_mf0.02_rf0.02_gd0.015,0.05,APPNP,0.203560,100000
surface_code,5,dp0.005_mf0.02_rf0.02_gd0.015,0.05,GNN,0.326970,100000
surface_code,5,dp0.005_mf0.02_rf0.02_gd0.015,0.05,GraphTransformer,0.240440,100000
surface_code,5,dp0.005_mf0.02_rf0.02_gd0.015,0.05,GraphMamba,0.227280,100000
surface_code,5,dp0.01_mf0.05_rf0.05_gd0.01,0.005,NoCorrection,0.024540,100000
surface_code,5,dp0.01_mf0.05_rf0.05_gd0.01,0.005,MWPM,0.363720,100000
surface_code,5,dp0.01_mf0.05_rf0.05_gd0.01,0.005,MWPM_mv,0.327630,100000
surface_code,5,dp0.01_mf0.05_rf0.05_gd0.01,0.005,CNN,0.184840,100000
surface_code,5,dp0.01_mf0.05_rf0.05_gd0.01,0.005,GCN,0.913980,100000
surface_code,5,dp0.01_mf0.05_rf0.05_gd0.01,0.005,GCNII,0.975460,100000
surface_code,5,dp0.01_mf0.05_rf0.05_gd0.01,0.005,GAT,0.247850,100000
surface_code,5,dp0.01_mf0.05_rf0.05_gd0.01,0.005,APPNP,0.975460,100000
surface_code,5,dp0.01_mf0.05_rf0.05_gd0.01,0.005,GNN,0.491720,100000
surface_code,5,dp0.01_mf0.05_rf0.05_gd0.01,0.005,GraphTransformer,0.024580,100000
surface_code,5,dp0.01_mf0.05_rf0.05_gd0.01,0.005,GraphMamba,0.061110,100000
surface_code,5,dp0.01_mf0.05_rf0.05_gd0.01,0.01,NoCorrection,0.047260,100000
surface_code,5,dp0.01_mf0.05_rf0.05_gd0.01,0.01,MWPM,0.367860,100000
surface_code,5,dp0.01_mf0.05_rf0.05_gd0.01,0.01,MWPM_mv,0.334840,100000
surface_code,5,dp0.01_mf0.05_rf0.05_gd0.01,0.01,CNN,0.243600,100000
surface_code,5,dp0.01_mf0.05_rf0.05_gd0.01,0.01,GCN,0.463070,100000
surface_code,5,dp0.01_mf0.05_rf0.05_gd0.01,0.01,GCNII,0.952740,100000
surface_code,5,dp0.01_mf0.05_rf0.05_gd0.01,0.01,GAT,0.224390,100000
surface_code,5,dp0.01_mf0.05_rf0.05_gd0.01,0.01,APPNP,0.952740,100000
surface_code,5,dp0.01_mf0.05_rf0.05_gd0.01,0.01,GNN,0.276240,100000
surface_code,5,dp0.01_mf0.05_rf0.05_gd0.01,0.01,GraphTransformer,0.049360,100000
surface_code,5,dp0.01_mf0.05_rf0.05_gd0.01,0.01,GraphMamba,0.071820,100000
surface_code,5,dp0.01_mf0.05_rf0.05_gd0.01,0.05,NoCorrection,0.203080,100000
surface_code,5,dp0.01_mf0.05_rf0.05_gd0.01,0.05,MWPM,0.408080,100000
surface_code,5,dp0.01_mf0.05_rf0.05_gd0.01,0.05,MWPM_mv,0.366630,100000
surface_code,5,dp0.01_mf0.05_rf0.05_gd0.01,0.05,CNN,0.346770,100000
surface_code,5,dp0.01_mf0.05_rf0.05_gd0.01,0.05,GCN,0.315090,100000
surface_code,5,dp0.01_mf0.05_rf0.05_gd0.01,0.05,GCNII,0.796920,100000
surface_code,5,dp0.01_mf0.05_rf0.05_gd0.01,0.05,GAT,0.325040,100000
surface_code,5,dp0.01_mf0.05_rf0.05_gd0.01,0.05,APPNP,0.368750,100000
surface_code,5,dp0.01_mf0.05_rf0.05_gd0.01,0.05,GNN,0.285650,100000
surface_code,5,dp0.01_mf0.05_rf0.05_gd0.01,0.05,GraphTransformer,0.203070,100000
surface_code,5,dp0.01_mf0.05_rf0.05_gd0.01,0.05,GraphMamba,0.232900,100000
color_code,3,dp0.001_mf0.01_rf0.01_gd0.008,0.005,NoCorrection,0.014840,100000
color_code,3,dp0.001_mf0.01_rf0.01_gd0.008,0.005,MWPM,0.167630,100000
color_code,3,dp0.001_mf0.01_rf0.01_gd0.008,0.005,MWPM_mv,0.112440,100000
color_code,3,dp0.001_mf0.01_rf0.01_gd0.008,0.005,CNN,0.111310,100000
color_code,3,dp0.001_mf0.01_rf0.01_gd0.008,0.005,GCN,0.055140,100000
color_code,3,dp0.001_mf0.01_rf0.01_gd0.008,0.005,GCNII,0.985160,100000
color_code,3,dp0.001_mf0.01_rf0.01_gd0.008,0.005,GAT,0.048460,100000
color_code,3,dp0.001_mf0.01_rf0.01_gd0.008,0.005,APPNP,0.985160,100000
color_code,3,dp0.001_mf0.01_rf0.01_gd0.008,0.005,GNN,0.633190,100000
color_code,3,dp0.001_mf0.01_rf0.01_gd0.008,0.005,GraphTransformer,0.048800,100000
color_code,3,dp0.001_mf0.01_rf0.01_gd0.008,0.005,GraphMamba,0.046750,100000
color_code,3,dp0.001_mf0.01_rf0.01_gd0.008,0.01,NoCorrection,0.028760,100000
color_code,3,dp0.001_mf0.01_rf0.01_gd0.008,0.01,MWPM,0.178090,100000
color_code,3,dp0.001_mf0.01_rf0.01_gd0.008,0.01,MWPM_mv,0.121630,100000
color_code,3,dp0.001_mf0.01_rf0.01_gd0.008,0.01,CNN,0.137550,100000
color_code,3,dp0.001_mf0.01_rf0.01_gd0.008,0.01,GCN,0.029380,100000
color_code,3,dp0.001_mf0.01_rf0.01_gd0.008,0.01,GCNII,0.971240,100000
color_code,3,dp0.001_mf0.01_rf0.01_gd0.008,0.01,GAT,0.132900,100000
color_code,3,dp0.001_mf0.01_rf0.01_gd0.008,0.01,APPNP,0.971130,100000
color_code,3,dp0.001_mf0.01_rf0.01_gd0.008,0.01,GNN,0.384320,100000
color_code,3,dp0.001_mf0.01_rf0.01_gd0.008,0.01,GraphTransformer,0.053090,100000
color_code,3,dp0.001_mf0.01_rf0.01_gd0.008,0.01,GraphMamba,0.053720,100000
color_code,3,dp0.001_mf0.01_rf0.01_gd0.008,0.05,NoCorrection,0.135840,100000
color_code,3,dp0.001_mf0.01_rf0.01_gd0.008,0.05,MWPM,0.231950,100000
color_code,3,dp0.001_mf0.01_rf0.01_gd0.008,0.05,MWPM_mv,0.184230,100000
color_code,3,dp0.001_mf0.01_rf0.01_gd0.008,0.05,CNN,0.203260,100000
color_code,3,dp0.001_mf0.01_rf0.01_gd0.008,0.05,GCN,0.775200,100000
color_code,3,dp0.001_mf0.01_rf0.01_gd0.008,0.05,GCNII,0.135840,100000
color_code,3,dp0.001_mf0.01_rf0.01_gd0.008,0.05,GAT,0.258030,100000
color_code,3,dp0.001_mf0.01_rf0.01_gd0.008,0.05,APPNP,0.864130,100000
color_code,3,dp0.001_mf0.01_rf0.01_gd0.008,0.05,GNN,0.173630,100000
color_code,3,dp0.001_mf0.01_rf0.01_gd0.008,0.05,GraphTransformer,0.092340,100000
color_code,3,dp0.001_mf0.01_rf0.01_gd0.008,0.05,GraphMamba,0.094740,100000
color_code,3,dp0.005_mf0.02_rf0.02_gd0.015,0.005,NoCorrection,0.015190,100000
color_code,3,dp0.005_mf0.02_rf0.02_gd0.015,0.005,MWPM,0.262060,100000
color_code,3,dp0.005_mf0.02_rf0.02_gd0.015,0.005,MWPM_mv,0.198430,100000
color_code,3,dp0.005_mf0.02_rf0.02_gd0.015,0.005,CNN,0.195590,100000
color_code,3,dp0.005_mf0.02_rf0.02_gd0.015,0.005,GCN,0.017800,100000
color_code,3,dp0.005_mf0.02_rf0.02_gd0.015,0.005,GCNII,0.984810,100000
color_code,3,dp0.005_mf0.02_rf0.02_gd0.015,0.005,GAT,0.164970,100000
color_code,3,dp0.005_mf0.02_rf0.02_gd0.015,0.005,APPNP,0.984810,100000
color_code,3,dp0.005_mf0.02_rf0.02_gd0.015,0.005,GNN,0.329900,100000
color_code,3,dp0.005_mf0.02_rf0.02_gd0.015,0.005,GraphTransformer,0.052250,100000
color_code,3,dp0.005_mf0.02_rf0.02_gd0.015,0.005,GraphMamba,0.066260,100000
color_code,3,dp0.005_mf0.02_rf0.02_gd0.015,0.01,NoCorrection,0.029490,100000
color_code,3,dp0.005_mf0.02_rf0.02_gd0.015,0.01,MWPM,0.267600,100000
color_code,3,dp0.005_mf0.02_rf0.02_gd0.015,0.01,MWPM_mv,0.204070,100000
color_code,3,dp0.005_mf0.02_rf0.02_gd0.015,0.01,CNN,0.229450,100000
color_code,3,dp0.005_mf0.02_rf0.02_gd0.015,0.01,GCN,0.939000,100000
color_code,3,dp0.005_mf0.02_rf0.02_gd0.015,0.01,GCNII,0.970510,100000
color_code,3,dp0.005_mf0.02_rf0.02_gd0.015,0.01,GAT,0.147650,100000
color_code,3,dp0.005_mf0.02_rf0.02_gd0.015,0.01,APPNP,0.970510,100000
color_code,3,dp0.005_mf0.02_rf0.02_gd0.015,0.01,GNN,0.452320,100000
color_code,3,dp0.005_mf0.02_rf0.02_gd0.015,0.01,GraphTransformer,0.088580,100000
color_code,3,dp0.005_mf0.02_rf0.02_gd0.015,0.01,GraphMamba,0.092070,100000
color_code,3,dp0.005_mf0.02_rf0.02_gd0.015,0.05,NoCorrection,0.135360,100000
color_code,3,dp0.005_mf0.02_rf0.02_gd0.015,0.05,MWPM,0.305400,100000
color_code,3,dp0.005_mf0.02_rf0.02_gd0.015,0.05,MWPM_mv,0.250700,100000
color_code,3,dp0.005_mf0.02_rf0.02_gd0.015,0.05,CNN,0.277740,100000
color_code,3,dp0.005_mf0.02_rf0.02_gd0.015,0.05,GCN,0.558330,100000
color_code,3,dp0.005_mf0.02_rf0.02_gd0.015,0.05,GCNII,0.135360,100000
color_code,3,dp0.005_mf0.02_rf0.02_gd0.015,0.05,GAT,0.184630,100000
color_code,3,dp0.005_mf0.02_rf0.02_gd0.015,0.05,APPNP,0.135360,100000
color_code,3,dp0.005_mf0.02_rf0.02_gd0.015,0.05,GNN,0.445130,100000
color_code,3,dp0.005_mf0.02_rf0.02_gd0.015,0.05,GraphTransformer,0.151140,100000
color_code,3,dp0.005_mf0.02_rf0.02_gd0.015,0.05,GraphMamba,0.151940,100000
color_code,3,dp0.01_mf0.05_rf0.05_gd0.01,0.005,NoCorrection,0.014780,100000
color_code,3,dp0.01_mf0.05_rf0.05_gd0.01,0.005,MWPM,0.303640,100000
color_code,3,dp0.01_mf0.05_rf0.05_gd0.01,0.005,MWPM_mv,0.244640,100000
color_code,3,dp0.01_mf0.05_rf0.05_gd0.01,0.005,CNN,0.269320,100000
color_code,3,dp0.01_mf0.05_rf0.05_gd0.01,0.005,GCN,0.753960,100000
color_code,3,dp0.01_mf0.05_rf0.05_gd0.01,0.005,GCNII,0.985220,100000
color_code,3,dp0.01_mf0.05_rf0.05_gd0.01,0.005,GAT,0.278310,100000
color_code,3,dp0.01_mf0.05_rf0.05_gd0.01,0.005,APPNP,0.985220,100000
color_code,3,dp0.01_mf0.05_rf0.05_gd0.01,0.005,GNN,0.121500,100000
color_code,3,dp0.01_mf0.05_rf0.05_gd0.01,0.005,GraphTransformer,0.014780,100000
color_code,3,dp0.01_mf0.05_rf0.05_gd0.01,0.005,GraphMamba,0.027060,100000
color_code,3,dp0.01_mf0.05_rf0.05_gd0.01,0.01,NoCorrection,0.029500,100000
color_code,3,dp0.01_mf0.05_rf0.05_gd0.01,0.01,MWPM,0.309140,100000
color_code,3,dp0.01_mf0.05_rf0.05_gd0.01,0.01,MWPM_mv,0.254170,100000
color_code,3,dp0.01_mf0.05_rf0.05_gd0.01,0.01,CNN,0.265940,100000
color_code,3,dp0.01_mf0.05_rf0.05_gd0.01,0.01,GCN,0.560670,100000
color_code,3,dp0.01_mf0.05_rf0.05_gd0.01,0.01,GCNII,0.970500,100000
color_code,3,dp0.01_mf0.05_rf0.05_gd0.01,0.01,GAT,0.172530,100000
color_code,3,dp0.01_mf0.05_rf0.05_gd0.01,0.01,APPNP,0.029500,100000
color_code,3,dp0.01_mf0.05_rf0.05_gd0.01,0.01,GNN,0.209000,100000
color_code,3,dp0.01_mf0.05_rf0.05_gd0.01,0.01,GraphTransformer,0.047380,100000
color_code,3,dp0.01_mf0.05_rf0.05_gd0.01,0.01,GraphMamba,0.069150,100000
color_code,3,dp0.01_mf0.05_rf0.05_gd0.01,0.05,NoCorrection,0.134450,100000
color_code,3,dp0.01_mf0.05_rf0.05_gd0.01,0.05,MWPM,0.339790,100000
color_code,3,dp0.01_mf0.05_rf0.05_gd0.01,0.05,MWPM_mv,0.293430,100000
color_code,3,dp0.01_mf0.05_rf0.05_gd0.01,0.05,CNN,0.325710,100000
color_code,3,dp0.01_mf0.05_rf0.05_gd0.01,0.05,GCN,0.155630,100000
color_code,3,dp0.01_mf0.05_rf0.05_gd0.01,0.05,GCNII,0.865550,100000
color_code,3,dp0.01_mf0.05_rf0.05_gd0.01,0.05,GAT,0.400480,100000
color_code,3,dp0.01_mf0.05_rf0.05_gd0.01,0.05,APPNP,0.865550,100000
color_code,3,dp0.01_mf0.05_rf0.05_gd0.01,0.05,GNN,0.331330,100000
color_code,3,dp0.01_mf0.05_rf0.05_gd0.01,0.05,GraphTransformer,0.184050,100000
color_code,3,dp0.01_mf0.05_rf0.05_gd0.01,0.05,GraphMamba,0.189910,100000
color_code,5,dp0.001_mf0.01_rf0.01_gd0.008,0.005,NoCorrection,0.025470,100000
color_code,5,dp0.001_mf0.01_rf0.01_gd0.008,0.005,MWPM,0.171990,100000
color_code,5,dp0.001_mf0.01_rf0.01_gd0.008,0.005,MWPM_mv,0.157520,100000
color_code,5,dp0.001_mf0.01_rf0.01_gd0.008,0.005,CNN,0.194220,100000
color_code,5,dp0.001_mf0.01_rf0.01_gd0.008,0.005,GCN,0.268020,100000
color_code,5,dp0.001_mf0.01_rf0.01_gd0.008,0.005,GCNII,0.974530,100000
color_code,5,dp0.001_mf0.01_rf0.01_gd0.008,0.005,GAT,0.179980,100000
color_code,5,dp0.001_mf0.01_rf0.01_gd0.008,0.005,APPNP,0.974530,100000
color_code,5,dp0.001_mf0.01_rf0.01_gd0.008,0.005,GNN,0.303780,100000
color_code,5,dp0.001_mf0.01_rf0.01_gd0.008,0.005,GraphTransformer,0.078280,100000
color_code,5,dp0.001_mf0.01_rf0.01_gd0.008,0.005,GraphMamba,0.087190,100000
color_code,5,dp0.001_mf0.01_rf0.01_gd0.008,0.01,NoCorrection,0.049200,100000
color_code,5,dp0.001_mf0.01_rf0.01_gd0.008,0.01,MWPM,0.186060,100000
color_code,5,dp0.001_mf0.01_rf0.01_gd0.008,0.01,MWPM_mv,0.167380,100000
color_code,5,dp0.001_mf0.01_rf0.01_gd0.008,0.01,CNN,0.207900,100000
color_code,5,dp0.001_mf0.01_rf0.01_gd0.008,0.01,GCN,0.626640,100000
color_code,5,dp0.001_mf0.01_rf0.01_gd0.008,0.01,GCNII,0.950800,100000
color_code,5,dp0.001_mf0.01_rf0.01_gd0.008,0.01,GAT,0.142780,100000
color_code,5,dp0.001_mf0.01_rf0.01_gd0.008,0.01,APPNP,0.950800,100000
color_code,5,dp0.001_mf0.01_rf0.01_gd0.008,0.01,GNN,0.438130,100000
color_code,5,dp0.001_mf0.01_rf0.01_gd0.008,0.01,GraphTransformer,0.077970,100000
color_code,5,dp0.001_mf0.01_rf0.01_gd0.008,0.01,GraphMamba,0.098860,100000
color_code,5,dp0.001_mf0.01_rf0.01_gd0.008,0.05,NoCorrection,0.207290,100000
color_code,5,dp0.001_mf0.01_rf0.01_gd0.008,0.05,MWPM,0.273090,100000
color_code,5,dp0.001_mf0.01_rf0.01_gd0.008,0.05,MWPM_mv,0.240470,100000
color_code,5,dp0.001_mf0.01_rf0.01_gd0.008,0.05,CNN,0.319550,100000
color_code,5,dp0.001_mf0.01_rf0.01_gd0.008,0.05,GCN,0.236420,100000
color_code,5,dp0.001_mf0.01_rf0.01_gd0.008,0.05,GCNII,0.792710,100000
color_code,5,dp0.001_mf0.01_rf0.01_gd0.008,0.05,GAT,0.540710,100000
color_code,5,dp0.001_mf0.01_rf0.01_gd0.008,0.05,APPNP,0.385550,100000
color_code,5,dp0.001_mf0.01_rf0.01_gd0.008,0.05,GNN,0.624200,100000
color_code,5,dp0.001_mf0.01_rf0.01_gd0.008,0.05,GraphTransformer,0.202080,100000
color_code,5,dp0.001_mf0.01_rf0.01_gd0.008,0.05,GraphMamba,0.186510,100000
color_code,5,dp0.005_mf0.02_rf0.02_gd0.015,0.005,NoCorrection,0.024150,100000
color_code,5,dp0.005_mf0.02_rf0.02_gd0.015,0.005,MWPM,0.159890,100000
color_code,5,dp0.005_mf0.02_rf0.02_gd0.015,0.005,MWPM_mv,0.179740,100000
color_code,5,dp0.005_mf0.02_rf0.02_gd0.015,0.005,CNN,0.228050,100000
color_code,5,dp0.005_mf0.02_rf0.02_gd0.015,0.005,GCN,0.928920,100000
color_code,5,dp0.005_mf0.02_rf0.02_gd0.015,0.005,GCNII,0.975850,100000
color_code,5,dp0.005_mf0.02_rf0.02_gd0.015,0.005,GAT,0.321030,100000
color_code,5,dp0.005_mf0.02_rf0.02_gd0.015,0.005,APPNP,0.024150,100000
color_code,5,dp0.005_mf0.02_rf0.02_gd0.015,0.005,GNN,0.568680,100000
color_code,5,dp0.005_mf0.02_rf0.02_gd0.015,0.005,GraphTransformer,0.026250,100000
color_code,5,dp0.005_mf0.02_rf0.02_gd0.015,0.005,GraphMamba,0.076590,100000
color_code,5,dp0.005_mf0.02_rf0.02_gd0.015,0.01,NoCorrection,0.047810,100000
color_code,5,dp0.005_mf0.02_rf0.02_gd0.015,0.01,MWPM,0.176330,100000
color_code,5,dp0.005_mf0.02_rf0.02_gd0.015,0.01,MWPM_mv,0.189690,100000
color_code,5,dp0.005_mf0.02_rf0.02_gd0.015,0.01,CNN,0.330470,100000
color_code,5,dp0.005_mf0.02_rf0.02_gd0.015,0.01,GCN,0.312000,100000
color_code,5,dp0.005_mf0.02_rf0.02_gd0.015,0.01,GCNII,0.047810,100000
color_code,5,dp0.005_mf0.02_rf0.02_gd0.015,0.01,GAT,0.365140,100000
color_code,5,dp0.005_mf0.02_rf0.02_gd0.015,0.01,APPNP,0.279870,100000
color_code,5,dp0.005_mf0.02_rf0.02_gd0.015,0.01,GNN,0.414190,100000
color_code,5,dp0.005_mf0.02_rf0.02_gd0.015,0.01,GraphTransformer,0.086880,100000
color_code,5,dp0.005_mf0.02_rf0.02_gd0.015,0.01,GraphMamba,0.131940,100000
color_code,5,dp0.005_mf0.02_rf0.02_gd0.015,0.05,NoCorrection,0.204550,100000
color_code,5,dp0.005_mf0.02_rf0.02_gd0.015,0.05,MWPM,0.283160,100000
color_code,5,dp0.005_mf0.02_rf0.02_gd0.015,0.05,MWPM_mv,0.279160,100000
color_code,5,dp0.005_mf0.02_rf0.02_gd0.015,0.05,CNN,0.357930,100000
color_code,5,dp0.005_mf0.02_rf0.02_gd0.015,0.05,GCN,0.390680,100000
color_code,5,dp0.005_mf0.02_rf0.02_gd0.015,0.05,GCNII,0.204550,100000
color_code,5,dp0.005_mf0.02_rf0.02_gd0.015,0.05,GAT,0.338700,100000
color_code,5,dp0.005_mf0.02_rf0.02_gd0.015,0.05,APPNP,0.596630,100000
color_code,5,dp0.005_mf0.02_rf0.02_gd0.015,0.05,GNN,0.254870,100000
color_code,5,dp0.005_mf0.02_rf0.02_gd0.015,0.05,GraphTransformer,0.203610,100000
color_code,5,dp0.005_mf0.02_rf0.02_gd0.015,0.05,GraphMamba,0.249080,100000
color_code,5,dp0.01_mf0.05_rf0.05_gd0.01,0.005,NoCorrection,0.024950,100000
color_code,5,dp0.01_mf0.05_rf0.05_gd0.01,0.005,MWPM,0.160030,100000
color_code,5,dp0.01_mf0.05_rf0.05_gd0.01,0.005,MWPM_mv,0.181240,100000
color_code,5,dp0.01_mf0.05_rf0.05_gd0.01,0.005,CNN,0.370090,100000
color_code,5,dp0.01_mf0.05_rf0.05_gd0.01,0.005,GCN,0.975050,100000
color_code,5,dp0.01_mf0.05_rf0.05_gd0.01,0.005,GCNII,0.975050,100000
color_code,5,dp0.01_mf0.05_rf0.05_gd0.01,0.005,GAT,0.338490,100000
color_code,5,dp0.01_mf0.05_rf0.05_gd0.01,0.005,APPNP,0.027150,100000
color_code,5,dp0.01_mf0.05_rf0.05_gd0.01,0.005,GNN,0.388240,100000
color_code,5,dp0.01_mf0.05_rf0.05_gd0.01,0.005,GraphTransformer,0.056530,100000
color_code,5,dp0.01_mf0.05_rf0.05_gd0.01,0.005,GraphMamba,0.051310,100000
color_code,5,dp0.01_mf0.05_rf0.05_gd0.01,0.01,NoCorrection,0.047870,100000
color_code,5,dp0.01_mf0.05_rf0.05_gd0.01,0.01,MWPM,0.176330,100000
color_code,5,dp0.01_mf0.05_rf0.05_gd0.01,0.01,MWPM_mv,0.195710,100000
color_code,5,dp0.01_mf0.05_rf0.05_gd0.01,0.01,CNN,0.221900,100000
color_code,5,dp0.01_mf0.05_rf0.05_gd0.01,0.01,GCN,0.047900,100000
color_code,5,dp0.01_mf0.05_rf0.05_gd0.01,0.01,GCNII,0.952130,100000
color_code,5,dp0.01_mf0.05_rf0.05_gd0.01,0.01,GAT,0.547420,100000
color_code,5,dp0.01_mf0.05_rf0.05_gd0.01,0.01,APPNP,0.503970,100000
color_code,5,dp0.01_mf0.05_rf0.05_gd0.01,0.01,GNN,0.622460,100000
color_code,5,dp0.01_mf0.05_rf0.05_gd0.01,0.01,GraphTransformer,0.048070,100000
color_code,5,dp0.01_mf0.05_rf0.05_gd0.01,0.01,GraphMamba,0.087750,100000
color_code,5,dp0.01_mf0.05_rf0.05_gd0.01,0.05,NoCorrection,0.204500,100000
color_code,5,dp0.01_mf0.05_rf0.05_gd0.01,0.05,MWPM,0.283930,100000
color_code,5,dp0.01_mf0.05_rf0.05_gd0.01,0.05,MWPM_mv,0.284270,100000
color_code,5,dp0.01_mf0.05_rf0.05_gd0.01,0.05,CNN,0.447660,100000
color_code,5,dp0.01_mf0.05_rf0.05_gd0.01,0.05,GCN,0.795500,100000
color_code,5,dp0.01_mf0.05_rf0.05_gd0.01,0.05,GCNII,0.795500,100000
color_code,5,dp0.01_mf0.05_rf0.05_gd0.01,0.05,GAT,0.416960,100000
color_code,5,dp0.01_mf0.05_rf0.05_gd0.01,0.05,APPNP,0.795500,100000
color_code,5,dp0.01_mf0.05_rf0.05_gd0.01,0.05,GNN,0.790670,100000
color_code,5,dp0.01_mf0.05_rf0.05_gd0.01,0.05,GraphTransformer,0.204510,100000
color_code,5,dp0.01_mf0.05_rf0.05_gd0.01,0.05,GraphMamba,0.254090,100000
heavyhex_surface_code,3,dp0.001_mf0.01_rf0.01_gd0.008,0.005,NoCorrection,0.015040,100000
heavyhex_surface_code,3,dp0.001_mf0.01_rf0.01_gd0.008,0.005,MWPM,0.097360,100000
heavyhex_surface_code,3,dp0.001_mf0.01_rf0.01_gd0.008,0.005,MWPM_mv,0.058970,100000
heavyhex_surface_code,3,dp0.001_mf0.01_rf0.01_gd0.008,0.005,CNN,0.910430,100000
heavyhex_surface_code,3,dp0.001_mf0.01_rf0.01_gd0.008,0.005,GCN,0.414880,100000
heavyhex_surface_code,3,dp0.001_mf0.01_rf0.01_gd0.008,0.005,GCNII,0.861280,100000
heavyhex_surface_code,3,dp0.001_mf0.01_rf0.01_gd0.008,0.005,GAT,0.879330,100000
heavyhex_surface_code,3,dp0.001_mf0.01_rf0.01_gd0.008,0.005,APPNP,0.025450,100000
heavyhex_surface_code,3,dp0.001_mf0.01_rf0.01_gd0.008,0.005,GNN,0.984710,100000
heavyhex_surface_code,3,dp0.001_mf0.01_rf0.01_gd0.008,0.005,GraphTransformer,0.032590,100000
heavyhex_surface_code,3,dp0.001_mf0.01_rf0.01_gd0.008,0.005,GraphMamba,0.032600,100000
heavyhex_surface_code,3,dp0.001_mf0.01_rf0.01_gd0.008,0.01,NoCorrection,0.030260,100000
heavyhex_surface_code,3,dp0.001_mf0.01_rf0.01_gd0.008,0.01,MWPM,0.104210,100000
heavyhex_surface_code,3,dp0.001_mf0.01_rf0.01_gd0.008,0.01,MWPM_mv,0.065540,100000
heavyhex_surface_code,3,dp0.001_mf0.01_rf0.01_gd0.008,0.01,CNN,0.918960,100000
heavyhex_surface_code,3,dp0.001_mf0.01_rf0.01_gd0.008,0.01,GCN,0.886470,100000
heavyhex_surface_code,3,dp0.001_mf0.01_rf0.01_gd0.008,0.01,GCNII,0.030260,100000
heavyhex_surface_code,3,dp0.001_mf0.01_rf0.01_gd0.008,0.01,GAT,0.358950,100000
heavyhex_surface_code,3,dp0.001_mf0.01_rf0.01_gd0.008,0.01,APPNP,0.030260,100000
heavyhex_surface_code,3,dp0.001_mf0.01_rf0.01_gd0.008,0.01,GNN,0.300150,100000
heavyhex_surface_code,3,dp0.001_mf0.01_rf0.01_gd0.008,0.01,GraphTransformer,0.041040,100000
heavyhex_surface_code,3,dp0.001_mf0.01_rf0.01_gd0.008,0.01,GraphMamba,0.040930,100000
heavyhex_surface_code,3,dp0.001_mf0.01_rf0.01_gd0.008,0.05,NoCorrection,0.134010,100000
heavyhex_surface_code,3,dp0.001_mf0.01_rf0.01_gd0.008,0.05,MWPM,0.159860,100000
heavyhex_surface_code,3,dp0.001_mf0.01_rf0.01_gd0.008,0.05,MWPM_mv,0.122190,100000
heavyhex_surface_code,3,dp0.001_mf0.01_rf0.01_gd0.008,0.05,CNN,0.828800,100000
heavyhex_surface_code,3,dp0.001_mf0.01_rf0.01_gd0.008,0.05,GCN,0.762710,100000
heavyhex_surface_code,3,dp0.001_mf0.01_rf0.01_gd0.008,0.05,GCNII,0.134010,100000
heavyhex_surface_code,3,dp0.001_mf0.01_rf0.01_gd0.008,0.05,GAT,0.786420,100000
heavyhex_surface_code,3,dp0.001_mf0.01_rf0.01_gd0.008,0.05,APPNP,0.865990,100000
heavyhex_surface_code,3,dp0.001_mf0.01_rf0.01_gd0.008,0.05,GNN,0.828690,100000
heavyhex_surface_code,3,dp0.001_mf0.01_rf0.01_gd0.008,0.05,GraphTransformer,0.106700,100000
heavyhex_surface_code,3,dp0.001_mf0.01_rf0.01_gd0.008,0.05,GraphMamba,0.113890,100000
heavyhex_surface_code,3,dp0.005_mf0.02_rf0.02_gd0.015,0.005,NoCorrection,0.015340,100000
heavyhex_surface_code,3,dp0.005_mf0.02_rf0.02_gd0.015,0.005,MWPM,0.169880,100000
heavyhex_surface_code,3,dp0.005_mf0.02_rf0.02_gd0.015,0.005,MWPM_mv,0.113040,100000
heavyhex_surface_code,3,dp0.005_mf0.02_rf0.02_gd0.015,0.005,CNN,0.781370,100000
heavyhex_surface_code,3,dp0.005_mf0.02_rf0.02_gd0.015,0.005,GCN,0.181370,100000
heavyhex_surface_code,3,dp0.005_mf0.02_rf0.02_gd0.015,0.005,GCNII,0.984660,100000
heavyhex_surface_code,3,dp0.005_mf0.02_rf0.02_gd0.015,0.005,GAT,0.851520,100000
heavyhex_surface_code,3,dp0.005_mf0.02_rf0.02_gd0.015,0.005,APPNP,0.097320,100000
heavyhex_surface_code,3,dp0.005_mf0.02_rf0.02_gd0.015,0.005,GNN,0.605290,100000
heavyhex_surface_code,3,dp0.005_mf0.02_rf0.02_gd0.015,0.005,GraphTransformer,0.053600,100000
heavyhex_surface_code,3,dp0.005_mf0.02_rf0.02_gd0.015,0.005,GraphMamba,0.055010,100000
heavyhex_surface_code,3,dp0.005_mf0.02_rf0.02_gd0.015,0.01,NoCorrection,0.027950,100000
heavyhex_surface_code,3,dp0.005_mf0.02_rf0.02_gd0.015,0.01,MWPM,0.176550,100000
heavyhex_surface_code,3,dp0.005_mf0.02_rf0.02_gd0.015,0.01,MWPM_mv,0.117640,100000
heavyhex_surface_code,3,dp0.005_mf0.02_rf0.02_gd0.015,0.01,CNN,0.741550,100000
heavyhex_surface_code,3,dp0.005_mf0.02_rf0.02_gd0.015,0.01,GCN,0.697700,100000
heavyhex_surface_code,3,dp0.005_mf0.02_rf0.02_gd0.015,0.01,GCNII,0.027950,100000
heavyhex_surface_code,3,dp0.005_mf0.02_rf0.02_gd0.015,0.01,GAT,0.846750,100000
heavyhex_surface_code,3,dp0.005_mf0.02_rf0.02_gd0.015,0.01,APPNP,0.039580,100000
heavyhex_surface_code,3,dp0.005_mf0.02_rf0.02_gd0.015,0.01,GNN,0.816290,100000
heavyhex_surface_code,3,dp0.005_mf0.02_rf0.02_gd0.015,0.01,GraphTransformer,0.065890,100000
heavyhex_surface_code,3,dp0.005_mf0.02_rf0.02_gd0.015,0.01,GraphMamba,0.065170,100000
heavyhex_surface_code,3,dp0.005_mf0.02_rf0.02_gd0.015,0.05,NoCorrection,0.134990,100000
heavyhex_surface_code,3,dp0.005_mf0.02_rf0.02_gd0.015,0.05,MWPM,0.230400,100000
heavyhex_surface_code,3,dp0.005_mf0.02_rf0.02_gd0.015,0.05,MWPM_mv,0.175020,100000
heavyhex_surface_code,3,dp0.005_mf0.02_rf0.02_gd0.015,0.05,CNN,0.796480,100000
heavyhex_surface_code,3,dp0.005_mf0.02_rf0.02_gd0.015,0.05,GCN,0.786180,100000
heavyhex_surface_code,3,dp0.005_mf0.02_rf0.02_gd0.015,0.05,GCNII,0.863670,100000
heavyhex_surface_code,3,dp0.005_mf0.02_rf0.02_gd0.015,0.05,GAT,0.372520,100000
heavyhex_surface_code,3,dp0.005_mf0.02_rf0.02_gd0.015,0.05,APPNP,0.683720,100000
heavyhex_surface_code,3,dp0.005_mf0.02_rf0.02_gd0.015,0.05,GNN,0.520700,100000
heavyhex_surface_code,3,dp0.005_mf0.02_rf0.02_gd0.015,0.05,GraphTransformer,0.146980,100000
heavyhex_surface_code,3,dp0.005_mf0.02_rf0.02_gd0.015,0.05,GraphMamba,0.139330,100000
heavyhex_surface_code,3,dp0.01_mf0.05_rf0.05_gd0.01,0.005,NoCorrection,0.015540,100000
heavyhex_surface_code,3,dp0.01_mf0.05_rf0.05_gd0.01,0.005,MWPM,0.225500,100000
heavyhex_surface_code,3,dp0.01_mf0.05_rf0.05_gd0.01,0.005,MWPM_mv,0.166050,100000
heavyhex_surface_code,3,dp0.01_mf0.05_rf0.05_gd0.01,0.005,CNN,0.644330,100000
heavyhex_surface_code,3,dp0.01_mf0.05_rf0.05_gd0.01,0.005,GCN,0.481530,100000
heavyhex_surface_code,3,dp0.01_mf0.05_rf0.05_gd0.01,0.005,GCNII,0.984460,100000
heavyhex_surface_code,3,dp0.01_mf0.05_rf0.05_gd0.01,0.005,GAT,0.660070,100000
heavyhex_surface_code,3,dp0.01_mf0.05_rf0.05_gd0.01,0.005,APPNP,0.015540,100000
heavyhex_surface_code,3,dp0.01_mf0.05_rf0.05_gd0.01,0.005,GNN,0.647280,100000
heavyhex_surface_code,3,dp0.01_mf0.05_rf0.05_gd0.01,0.005,GraphTransformer,0.015540,100000
heavyhex_surface_code,3,dp0.01_mf0.05_rf0.05_gd0.01,0.005,GraphMamba,0.025270,100000
heavyhex_surface_code,3,dp0.01_mf0.05_rf0.05_gd0.01,0.01,NoCorrection,0.028370,100000
heavyhex_surface_code,3,dp0.01_mf0.05_rf0.05_gd0.01,0.01,MWPM,0.228620,100000
heavyhex_surface_code,3,dp0.01_mf0.05_rf0.05_gd0.01,0.01,MWPM_mv,0.171200,100000
heavyhex_surface_code,3,dp0.01_mf0.05_rf0.05_gd0.01,0.01,CNN,0.777450,100000
heavyhex_surface_code,3,dp0.01_mf0.05_rf0.05_gd0.01,0.01,GCN,0.739810,100000
heavyhex_surface_code,3,dp0.01_mf0.05_rf0.05_gd0.01,0.01,GCNII,0.971630,100000
heavyhex_surface_code,3,dp0.01_mf0.05_rf0.05_gd0.01,0.01,GAT,0.637150,100000
heavyhex_surface_code,3,dp0.01_mf0.05_rf0.05_gd0.01,0.01,APPNP,0.028370,100000
heavyhex_surface_code,3,dp0.01_mf0.05_rf0.05_gd0.01,0.01,GNN,0.175480,100000
heavyhex_surface_code,3,dp0.01_mf0.05_rf0.05_gd0.01,0.01,GraphTransformer,0.029030,100000
heavyhex_surface_code,3,dp0.01_mf0.05_rf0.05_gd0.01,0.01,GraphMamba,0.074690,100000
heavyhex_surface_code,3,dp0.01_mf0.05_rf0.05_gd0.01,0.05,NoCorrection,0.135240,100000
heavyhex_surface_code,3,dp0.01_mf0.05_rf0.05_gd0.01,0.05,MWPM,0.278390,100000
heavyhex_surface_code,3,dp0.01_mf0.05_rf0.05_gd0.01,0.05,MWPM_mv,0.223950,100000
heavyhex_surface_code,3,dp0.01_mf0.05_rf0.05_gd0.01,0.05,CNN,0.671910,100000
heavyhex_surface_code,3,dp0.01_mf0.05_rf0.05_gd0.01,0.05,GCN,0.453530,100000
heavyhex_surface_code,3,dp0.01_mf0.05_rf0.05_gd0.01,0.05,GCNII,0.135240,100000
heavyhex_surface_code,3,dp0.01_mf0.05_rf0.05_gd0.01,0.05,GAT,0.548350,100000
heavyhex_surface_code,3,dp0.01_mf0.05_rf0.05_gd0.01,0.05,APPNP,0.135240,100000
heavyhex_surface_code,3,dp0.01_mf0.05_rf0.05_gd0.01,0.05,GNN,0.597590,100000
heavyhex_surface_code,3,dp0.01_mf0.05_rf0.05_gd0.01,0.05,GraphTransformer,0.181400,100000
heavyhex_surface_code,3,dp0.01_mf0.05_rf0.05_gd0.01,0.05,GraphMamba,0.181660,100000
