Model,Distance,Num_Rounds,Noise_Model,Run,Shots,Stim_Error_Rate,Stim_Error_Type,Weight_Noise,Logical_Error_Rate,Total_Shots,Logical_Errors,Timestamp
No_Correction,5,5,forte-1,1,1000,0.0,,,0.153,1000,153,20260426_073215
MWPM_Restriction,5,5,forte-1,1,1000,0.0,,,0.104,1000,104,20260426_073215
CNN,5,5,forte-1,1,1000,0.005,X,realistic/dp0.001_mf0.01_rf0.01_gd0.008,0.161,1000,161,20260426_073215
MWPM+CNN,5,5,forte-1,1,1000,0.005,X,realistic/dp0.001_mf0.01_rf0.01_gd0.008,0.106,1000,106,20260426_073215
CNN,5,5,forte-1,1,1000,0.01,X,realistic/dp0.001_mf0.01_rf0.01_gd0.008,0.155,1000,155,20260426_073215
MWPM+CNN,5,5,forte-1,1,1000,0.01,X,realistic/dp0.001_mf0.01_rf0.01_gd0.008,0.111,1000,111,20260426_073215
CNN,5,5,forte-1,1,1000,0.05,X,realistic/dp0.001_mf0.01_rf0.01_gd0.008,0.169,1000,169,20260426_073215
MWPM+CNN,5,5,forte-1,1,1000,0.05,X,realistic/dp0.001_mf0.01_rf0.01_gd0.008,0.104,1000,104,20260426_073215
GCNII,5,5,forte-1,1,1000,0.005,X,realistic/dp0.001_mf0.01_rf0.01_gd0.008,0.847,1000,847,20260426_073215
MWPM+GCNII,5,5,forte-1,1,1000,0.005,X,realistic/dp0.001_mf0.01_rf0.01_gd0.008,0.216,1000,216,20260426_073215
GCNII,5,5,forte-1,1,1000,0.01,X,realistic/dp0.001_mf0.01_rf0.01_gd0.008,0.847,1000,847,20260426_073215
MWPM+GCNII,5,5,forte-1,1,1000,0.01,X,realistic/dp0.001_mf0.01_rf0.01_gd0.008,0.216,1000,216,20260426_073215
GCNII,5,5,forte-1,1,1000,0.05,X,realistic/dp0.001_mf0.01_rf0.01_gd0.008,0.847,1000,847,20260426_073215
MWPM+GCNII,5,5,forte-1,1,1000,0.05,X,realistic/dp0.001_mf0.01_rf0.01_gd0.008,0.216,1000,216,20260426_073215
APPNP,5,5,forte-1,1,1000,0.005,X,realistic/dp0.001_mf0.01_rf0.01_gd0.008,0.847,1000,847,20260426_073215
MWPM+APPNP,5,5,forte-1,1,1000,0.005,X,realistic/dp0.001_mf0.01_rf0.01_gd0.008,0.216,1000,216,20260426_073215
APPNP,5,5,forte-1,1,1000,0.01,X,realistic/dp0.001_mf0.01_rf0.01_gd0.008,0.847,1000,847,20260426_073215
MWPM+APPNP,5,5,forte-1,1,1000,0.01,X,realistic/dp0.001_mf0.01_rf0.01_gd0.008,0.216,1000,216,20260426_073215
APPNP,5,5,forte-1,1,1000,0.05,X,realistic/dp0.001_mf0.01_rf0.01_gd0.008,0.302,1000,302,20260426_073215
MWPM+APPNP,5,5,forte-1,1,1000,0.05,X,realistic/dp0.001_mf0.01_rf0.01_gd0.008,0.156,1000,156,20260426_073215
GraphTransformer,5,5,forte-1,1,1000,0.005,X,realistic/dp0.001_mf0.01_rf0.01_gd0.008,0.138,1000,138,20260426_073215
MWPM+GraphTransformer,5,5,forte-1,1,1000,0.005,X,realistic/dp0.001_mf0.01_rf0.01_gd0.008,0.1,1000,100,20260426_073215
GraphTransformer,5,5,forte-1,1,1000,0.01,X,realistic/dp0.001_mf0.01_rf0.01_gd0.008,0.142,1000,142,20260426_073215
MWPM+GraphTransformer,5,5,forte-1,1,1000,0.01,X,realistic/dp0.001_mf0.01_rf0.01_gd0.008,0.102,1000,102,20260426_073215
GraphTransformer,5,5,forte-1,1,1000,0.05,X,realistic/dp0.001_mf0.01_rf0.01_gd0.008,0.148,1000,148,20260426_073215
MWPM+GraphTransformer,5,5,forte-1,1,1000,0.05,X,realistic/dp0.001_mf0.01_rf0.01_gd0.008,0.104,1000,104,20260426_073215
GCN,5,5,forte-1,1,1000,0.005,X,realistic/dp0.001_mf0.01_rf0.01_gd0.008,0.281,1000,281,20260426_073215
MWPM+GCN,5,5,forte-1,1,1000,0.005,X,realistic/dp0.001_mf0.01_rf0.01_gd0.008,0.136,1000,136,20260426_073215
GCN,5,5,forte-1,1,1000,0.01,X,realistic/dp0.001_mf0.01_rf0.01_gd0.008,0.404,1000,404,20260426_073215
MWPM+GCN,5,5,forte-1,1,1000,0.01,X,realistic/dp0.001_mf0.01_rf0.01_gd0.008,0.144,1000,144,20260426_073215
GCN,5,5,forte-1,1,1000,0.05,X,realistic/dp0.001_mf0.01_rf0.01_gd0.008,0.211,1000,211,20260426_073215
MWPM+GCN,5,5,forte-1,1,1000,0.05,X,realistic/dp0.001_mf0.01_rf0.01_gd0.008,0.122,1000,122,20260426_073215
GAT,5,5,forte-1,1,1000,0.005,X,realistic/dp0.001_mf0.01_rf0.01_gd0.008,0.177,1000,177,20260426_073215
MWPM+GAT,5,5,forte-1,1,1000,0.005,X,realistic/dp0.001_mf0.01_rf0.01_gd0.008,0.114,1000,114,20260426_073215
GAT,5,5,forte-1,1,1000,0.01,X,realistic/dp0.001_mf0.01_rf0.01_gd0.008,0.169,1000,169,20260426_073215
MWPM+GAT,5,5,forte-1,1,1000,0.01,X,realistic/dp0.001_mf0.01_rf0.01_gd0.008,0.113,1000,113,20260426_073215
GAT,5,5,forte-1,1,1000,0.05,X,realistic/dp0.001_mf0.01_rf0.01_gd0.008,0.325,1000,325,20260426_073215
MWPM+GAT,5,5,forte-1,1,1000,0.05,X,realistic/dp0.001_mf0.01_rf0.01_gd0.008,0.145,1000,145,20260426_073215
GNN,5,5,forte-1,1,1000,0.005,X,realistic/dp0.001_mf0.01_rf0.01_gd0.008,0.76,1000,760,20260426_073215
MWPM+GNN,5,5,forte-1,1,1000,0.005,X,realistic/dp0.001_mf0.01_rf0.01_gd0.008,0.203,1000,203,20260426_073215
GNN,5,5,forte-1,1,1000,0.01,X,realistic/dp0.001_mf0.01_rf0.01_gd0.008,0.578,1000,578,20260426_073215
MWPM+GNN,5,5,forte-1,1,1000,0.01,X,realistic/dp0.001_mf0.01_rf0.01_gd0.008,0.18,1000,180,20260426_073215
GNN,5,5,forte-1,1,1000,0.05,X,realistic/dp0.001_mf0.01_rf0.01_gd0.008,0.729,1000,729,20260426_073215
MWPM+GNN,5,5,forte-1,1,1000,0.05,X,realistic/dp0.001_mf0.01_rf0.01_gd0.008,0.201,1000,201,20260426_073215
GraphMamba,5,5,forte-1,1,1000,0.005,X,realistic/dp0.001_mf0.01_rf0.01_gd0.008,0.138,1000,138,20260426_073215
MWPM+GraphMamba,5,5,forte-1,1,1000,0.005,X,realistic/dp0.001_mf0.01_rf0.01_gd0.008,0.101,1000,101,20260426_073215
GraphMamba,5,5,forte-1,1,1000,0.01,X,realistic/dp0.001_mf0.01_rf0.01_gd0.008,0.134,1000,134,20260426_073215
MWPM+GraphMamba,5,5,forte-1,1,1000,0.01,X,realistic/dp0.001_mf0.01_rf0.01_gd0.008,0.1,1000,100,20260426_073215
GraphMamba,5,5,forte-1,1,1000,0.05,X,realistic/dp0.001_mf0.01_rf0.01_gd0.008,0.129,1000,129,20260426_073215
MWPM+GraphMamba,5,5,forte-1,1,1000,0.05,X,realistic/dp0.001_mf0.01_rf0.01_gd0.008,0.099,1000,99,20260426_073215
CNN,5,5,forte-1,1,1000,0.005,X,realistic/dp0.005_mf0.02_rf0.02_gd0.015,0.168,1000,168,20260426_073215
MWPM+CNN,5,5,forte-1,1,1000,0.005,X,realistic/dp0.005_mf0.02_rf0.02_gd0.015,0.112,1000,112,20260426_073215
CNN,5,5,forte-1,1,1000,0.01,X,realistic/dp0.005_mf0.02_rf0.02_gd0.015,0.184,1000,184,20260426_073215
MWPM+CNN,5,5,forte-1,1,1000,0.01,X,realistic/dp0.005_mf0.02_rf0.02_gd0.015,0.113,1000,113,20260426_073215
CNN,5,5,forte-1,1,1000,0.05,X,realistic/dp0.005_mf0.02_rf0.02_gd0.015,0.167,1000,167,20260426_073215
MWPM+CNN,5,5,forte-1,1,1000,0.05,X,realistic/dp0.005_mf0.02_rf0.02_gd0.015,0.108,1000,108,20260426_073215
GCNII,5,5,forte-1,1,1000,0.005,X,realistic/dp0.005_mf0.02_rf0.02_gd0.015,0.847,1000,847,20260426_073215
MWPM+GCNII,5,5,forte-1,1,1000,0.005,X,realistic/dp0.005_mf0.02_rf0.02_gd0.015,0.216,1000,216,20260426_073215
GCNII,5,5,forte-1,1,1000,0.01,X,realistic/dp0.005_mf0.02_rf0.02_gd0.015,0.153,1000,153,20260426_073215
MWPM+GCNII,5,5,forte-1,1,1000,0.01,X,realistic/dp0.005_mf0.02_rf0.02_gd0.015,0.104,1000,104,20260426_073215
GCNII,5,5,forte-1,1,1000,0.05,X,realistic/dp0.005_mf0.02_rf0.02_gd0.015,0.153,1000,153,20260426_073215
MWPM+GCNII,5,5,forte-1,1,1000,0.05,X,realistic/dp0.005_mf0.02_rf0.02_gd0.015,0.104,1000,104,20260426_073215
APPNP,5,5,forte-1,1,1000,0.005,X,realistic/dp0.005_mf0.02_rf0.02_gd0.015,0.153,1000,153,20260426_073215
MWPM+APPNP,5,5,forte-1,1,1000,0.005,X,realistic/dp0.005_mf0.02_rf0.02_gd0.015,0.104,1000,104,20260426_073215
APPNP,5,5,forte-1,1,1000,0.01,X,realistic/dp0.005_mf0.02_rf0.02_gd0.015,0.681,1000,681,20260426_073215
MWPM+APPNP,5,5,forte-1,1,1000,0.01,X,realistic/dp0.005_mf0.02_rf0.02_gd0.015,0.171,1000,171,20260426_073215
APPNP,5,5,forte-1,1,1000,0.05,X,realistic/dp0.005_mf0.02_rf0.02_gd0.015,0.842,1000,842,20260426_073215
MWPM+APPNP,5,5,forte-1,1,1000,0.05,X,realistic/dp0.005_mf0.02_rf0.02_gd0.015,0.211,1000,211,20260426_073215
GraphTransformer,5,5,forte-1,1,1000,0.005,X,realistic/dp0.005_mf0.02_rf0.02_gd0.015,0.153,1000,153,20260426_073215
MWPM+GraphTransformer,5,5,forte-1,1,1000,0.005,X,realistic/dp0.005_mf0.02_rf0.02_gd0.015,0.104,1000,104,20260426_073215
GraphTransformer,5,5,forte-1,1,1000,0.01,X,realistic/dp0.005_mf0.02_rf0.02_gd0.015,0.141,1000,141,20260426_073215
MWPM+GraphTransformer,5,5,forte-1,1,1000,0.01,X,realistic/dp0.005_mf0.02_rf0.02_gd0.015,0.103,1000,103,20260426_073215
GraphTransformer,5,5,forte-1,1,1000,0.05,X,realistic/dp0.005_mf0.02_rf0.02_gd0.015,0.149,1000,149,20260426_073215
MWPM+GraphTransformer,5,5,forte-1,1,1000,0.05,X,realistic/dp0.005_mf0.02_rf0.02_gd0.015,0.105,1000,105,20260426_073215
GCN,5,5,forte-1,1,1000,0.005,X,realistic/dp0.005_mf0.02_rf0.02_gd0.015,0.846,1000,846,20260426_073215
MWPM+GCN,5,5,forte-1,1,1000,0.005,X,realistic/dp0.005_mf0.02_rf0.02_gd0.015,0.215,1000,215,20260426_073215
GCN,5,5,forte-1,1,1000,0.01,X,realistic/dp0.005_mf0.02_rf0.02_gd0.015,0.608,1000,608,20260426_073215
MWPM+GCN,5,5,forte-1,1,1000,0.01,X,realistic/dp0.005_mf0.02_rf0.02_gd0.015,0.182,1000,182,20260426_073215
GCN,5,5,forte-1,1,1000,0.05,X,realistic/dp0.005_mf0.02_rf0.02_gd0.015,0.829,1000,829,20260426_073215
MWPM+GCN,5,5,forte-1,1,1000,0.05,X,realistic/dp0.005_mf0.02_rf0.02_gd0.015,0.208,1000,208,20260426_073215
GAT,5,5,forte-1,1,1000,0.005,X,realistic/dp0.005_mf0.02_rf0.02_gd0.015,0.178,1000,178,20260426_073215
MWPM+GAT,5,5,forte-1,1,1000,0.005,X,realistic/dp0.005_mf0.02_rf0.02_gd0.015,0.118,1000,118,20260426_073215
GAT,5,5,forte-1,1,1000,0.01,X,realistic/dp0.005_mf0.02_rf0.02_gd0.015,0.224,1000,224,20260426_073215
MWPM+GAT,5,5,forte-1,1,1000,0.01,X,realistic/dp0.005_mf0.02_rf0.02_gd0.015,0.126,1000,126,20260426_073215
GAT,5,5,forte-1,1,1000,0.05,X,realistic/dp0.005_mf0.02_rf0.02_gd0.015,0.192,1000,192,20260426_073215
MWPM+GAT,5,5,forte-1,1,1000,0.05,X,realistic/dp0.005_mf0.02_rf0.02_gd0.015,0.117,1000,117,20260426_073215
GNN,5,5,forte-1,1,1000,0.005,X,realistic/dp0.005_mf0.02_rf0.02_gd0.015,0.412,1000,412,20260426_073215
MWPM+GNN,5,5,forte-1,1,1000,0.005,X,realistic/dp0.005_mf0.02_rf0.02_gd0.015,0.151,1000,151,20260426_073215
GNN,5,5,forte-1,1,1000,0.01,X,realistic/dp0.005_mf0.02_rf0.02_gd0.015,0.318,1000,318,20260426_073215
MWPM+GNN,5,5,forte-1,1,1000,0.01,X,realistic/dp0.005_mf0.02_rf0.02_gd0.015,0.13,1000,130,20260426_073215
GNN,5,5,forte-1,1,1000,0.05,X,realistic/dp0.005_mf0.02_rf0.02_gd0.015,0.153,1000,153,20260426_073215
MWPM+GNN,5,5,forte-1,1,1000,0.05,X,realistic/dp0.005_mf0.02_rf0.02_gd0.015,0.104,1000,104,20260426_073215
GraphMamba,5,5,forte-1,1,1000,0.005,X,realistic/dp0.005_mf0.02_rf0.02_gd0.015,0.144,1000,144,20260426_073215
MWPM+GraphMamba,5,5,forte-1,1,1000,0.005,X,realistic/dp0.005_mf0.02_rf0.02_gd0.015,0.104,1000,104,20260426_073215
GraphMamba,5,5,forte-1,1,1000,0.01,X,realistic/dp0.005_mf0.02_rf0.02_gd0.015,0.133,1000,133,20260426_073215
MWPM+GraphMamba,5,5,forte-1,1,1000,0.01,X,realistic/dp0.005_mf0.02_rf0.02_gd0.015,0.098,1000,98,20260426_073215
GraphMamba,5,5,forte-1,1,1000,0.05,X,realistic/dp0.005_mf0.02_rf0.02_gd0.015,0.134,1000,134,20260426_073215
MWPM+GraphMamba,5,5,forte-1,1,1000,0.05,X,realistic/dp0.005_mf0.02_rf0.02_gd0.015,0.102,1000,102,20260426_073215
CNN,5,5,forte-1,1,1000,0.005,X,realistic/dp0.01_mf0.05_rf0.05_gd0.01,0.169,1000,169,20260426_073215
MWPM+CNN,5,5,forte-1,1,1000,0.005,X,realistic/dp0.01_mf0.05_rf0.05_gd0.01,0.107,1000,107,20260426_073215
CNN,5,5,forte-1,1,1000,0.01,X,realistic/dp0.01_mf0.05_rf0.05_gd0.01,0.166,1000,166,20260426_073215
MWPM+CNN,5,5,forte-1,1,1000,0.01,X,realistic/dp0.01_mf0.05_rf0.05_gd0.01,0.102,1000,102,20260426_073215
CNN,5,5,forte-1,1,1000,0.05,X,realistic/dp0.01_mf0.05_rf0.05_gd0.01,0.192,1000,192,20260426_073215
MWPM+CNN,5,5,forte-1,1,1000,0.05,X,realistic/dp0.01_mf0.05_rf0.05_gd0.01,0.115,1000,115,20260426_073215
GCNII,5,5,forte-1,1,1000,0.005,X,realistic/dp0.01_mf0.05_rf0.05_gd0.01,0.847,1000,847,20260426_073215
MWPM+GCNII,5,5,forte-1,1,1000,0.005,X,realistic/dp0.01_mf0.05_rf0.05_gd0.01,0.216,1000,216,20260426_073215
GCNII,5,5,forte-1,1,1000,0.01,X,realistic/dp0.01_mf0.05_rf0.05_gd0.01,0.847,1000,847,20260426_073215
MWPM+GCNII,5,5,forte-1,1,1000,0.01,X,realistic/dp0.01_mf0.05_rf0.05_gd0.01,0.216,1000,216,20260426_073215
GCNII,5,5,forte-1,1,1000,0.05,X,realistic/dp0.01_mf0.05_rf0.05_gd0.01,0.847,1000,847,20260426_073215
MWPM+GCNII,5,5,forte-1,1,1000,0.05,X,realistic/dp0.01_mf0.05_rf0.05_gd0.01,0.216,1000,216,20260426_073215
APPNP,5,5,forte-1,1,1000,0.005,X,realistic/dp0.01_mf0.05_rf0.05_gd0.01,0.153,1000,153,20260426_073215
MWPM+APPNP,5,5,forte-1,1,1000,0.005,X,realistic/dp0.01_mf0.05_rf0.05_gd0.01,0.104,1000,104,20260426_073215
APPNP,5,5,forte-1,1,1000,0.01,X,realistic/dp0.01_mf0.05_rf0.05_gd0.01,0.226,1000,226,20260426_073215
MWPM+APPNP,5,5,forte-1,1,1000,0.01,X,realistic/dp0.01_mf0.05_rf0.05_gd0.01,0.126,1000,126,20260426_073215
APPNP,5,5,forte-1,1,1000,0.05,X,realistic/dp0.01_mf0.05_rf0.05_gd0.01,0.847,1000,847,20260426_073215
MWPM+APPNP,5,5,forte-1,1,1000,0.05,X,realistic/dp0.01_mf0.05_rf0.05_gd0.01,0.216,1000,216,20260426_073215
GraphTransformer,5,5,forte-1,1,1000,0.005,X,realistic/dp0.01_mf0.05_rf0.05_gd0.01,0.147,1000,147,20260426_073215
MWPM+GraphTransformer,5,5,forte-1,1,1000,0.005,X,realistic/dp0.01_mf0.05_rf0.05_gd0.01,0.104,1000,104,20260426_073215
GraphTransformer,5,5,forte-1,1,1000,0.01,X,realistic/dp0.01_mf0.05_rf0.05_gd0.01,0.153,1000,153,20260426_073215
MWPM+GraphTransformer,5,5,forte-1,1,1000,0.01,X,realistic/dp0.01_mf0.05_rf0.05_gd0.01,0.104,1000,104,20260426_073215
GraphTransformer,5,5,forte-1,1,1000,0.05,X,realistic/dp0.01_mf0.05_rf0.05_gd0.01,0.153,1000,153,20260426_073215
MWPM+GraphTransformer,5,5,forte-1,1,1000,0.05,X,realistic/dp0.01_mf0.05_rf0.05_gd0.01,0.104,1000,104,20260426_073215
GCN,5,5,forte-1,1,1000,0.005,X,realistic/dp0.01_mf0.05_rf0.05_gd0.01,0.845,1000,845,20260426_073215
MWPM+GCN,5,5,forte-1,1,1000,0.005,X,realistic/dp0.01_mf0.05_rf0.05_gd0.01,0.216,1000,216,20260426_073215
GCN,5,5,forte-1,1,1000,0.01,X,realistic/dp0.01_mf0.05_rf0.05_gd0.01,0.153,1000,153,20260426_073215
MWPM+GCN,5,5,forte-1,1,1000,0.01,X,realistic/dp0.01_mf0.05_rf0.05_gd0.01,0.104,1000,104,20260426_073215
GCN,5,5,forte-1,1,1000,0.05,X,realistic/dp0.01_mf0.05_rf0.05_gd0.01,0.847,1000,847,20260426_073215
MWPM+GCN,5,5,forte-1,1,1000,0.05,X,realistic/dp0.01_mf0.05_rf0.05_gd0.01,0.216,1000,216,20260426_073215
GAT,5,5,forte-1,1,1000,0.005,X,realistic/dp0.01_mf0.05_rf0.05_gd0.01,0.176,1000,176,20260426_073215
MWPM+GAT,5,5,forte-1,1,1000,0.005,X,realistic/dp0.01_mf0.05_rf0.05_gd0.01,0.113,1000,113,20260426_073215
GAT,5,5,forte-1,1,1000,0.01,X,realistic/dp0.01_mf0.05_rf0.05_gd0.01,0.354,1000,354,20260426_073215
MWPM+GAT,5,5,forte-1,1,1000,0.01,X,realistic/dp0.01_mf0.05_rf0.05_gd0.01,0.129,1000,129,20260426_073215
GAT,5,5,forte-1,1,1000,0.05,X,realistic/dp0.01_mf0.05_rf0.05_gd0.01,0.199,1000,199,20260426_073215
MWPM+GAT,5,5,forte-1,1,1000,0.05,X,realistic/dp0.01_mf0.05_rf0.05_gd0.01,0.115,1000,115,20260426_073215
GNN,5,5,forte-1,1,1000,0.005,X,realistic/dp0.01_mf0.05_rf0.05_gd0.01,0.287,1000,287,20260426_073215
MWPM+GNN,5,5,forte-1,1,1000,0.005,X,realistic/dp0.01_mf0.05_rf0.05_gd0.01,0.129,1000,129,20260426_073215
GNN,5,5,forte-1,1,1000,0.01,X,realistic/dp0.01_mf0.05_rf0.05_gd0.01,0.389,1000,389,20260426_073215
MWPM+GNN,5,5,forte-1,1,1000,0.01,X,realistic/dp0.01_mf0.05_rf0.05_gd0.01,0.142,1000,142,20260426_073215
GNN,5,5,forte-1,1,1000,0.05,X,realistic/dp0.01_mf0.05_rf0.05_gd0.01,0.716,1000,716,20260426_073215
MWPM+GNN,5,5,forte-1,1,1000,0.05,X,realistic/dp0.01_mf0.05_rf0.05_gd0.01,0.202,1000,202,20260426_073215
GraphMamba,5,5,forte-1,1,1000,0.005,X,realistic/dp0.01_mf0.05_rf0.05_gd0.01,0.146,1000,146,20260426_073215
MWPM+GraphMamba,5,5,forte-1,1,1000,0.005,X,realistic/dp0.01_mf0.05_rf0.05_gd0.01,0.102,1000,102,20260426_073215
GraphMamba,5,5,forte-1,1,1000,0.01,X,realistic/dp0.01_mf0.05_rf0.05_gd0.01,0.143,1000,143,20260426_073215
MWPM+GraphMamba,5,5,forte-1,1,1000,0.01,X,realistic/dp0.01_mf0.05_rf0.05_gd0.01,0.106,1000,106,20260426_073215
GraphMamba,5,5,forte-1,1,1000,0.05,X,realistic/dp0.01_mf0.05_rf0.05_gd0.01,0.14,1000,140,20260426_073215
MWPM+GraphMamba,5,5,forte-1,1,1000,0.05,X,realistic/dp0.01_mf0.05_rf0.05_gd0.01,0.105,1000,105,20260426_073215
No_Correction,5,5,forte-1,2,1000,0.0,,,0.174,1000,174,20260426_073340
MWPM_Restriction,5,5,forte-1,2,1000,0.0,,,0.124,1000,124,20260426_073340
CNN,5,5,forte-1,2,1000,0.005,X,realistic/dp0.001_mf0.01_rf0.01_gd0.008,0.178,1000,178,20260426_073340
MWPM+CNN,5,5,forte-1,2,1000,0.005,X,realistic/dp0.001_mf0.01_rf0.01_gd0.008,0.132,1000,132,20260426_073340
CNN,5,5,forte-1,2,1000,0.01,X,realistic/dp0.001_mf0.01_rf0.01_gd0.008,0.175,1000,175,20260426_073340
MWPM+CNN,5,5,forte-1,2,1000,0.01,X,realistic/dp0.001_mf0.01_rf0.01_gd0.008,0.128,1000,128,20260426_073340
CNN,5,5,forte-1,2,1000,0.05,X,realistic/dp0.001_mf0.01_rf0.01_gd0.008,0.18,1000,180,20260426_073340
MWPM+CNN,5,5,forte-1,2,1000,0.05,X,realistic/dp0.001_mf0.01_rf0.01_gd0.008,0.129,1000,129,20260426_073340
GCNII,5,5,forte-1,2,1000,0.005,X,realistic/dp0.001_mf0.01_rf0.01_gd0.008,0.826,1000,826,20260426_073340
MWPM+GCNII,5,5,forte-1,2,1000,0.005,X,realistic/dp0.001_mf0.01_rf0.01_gd0.008,0.22,1000,220,20260426_073340
GCNII,5,5,forte-1,2,1000,0.01,X,realistic/dp0.001_mf0.01_rf0.01_gd0.008,0.826,1000,826,20260426_073340
MWPM+GCNII,5,5,forte-1,2,1000,0.01,X,realistic/dp0.001_mf0.01_rf0.01_gd0.008,0.22,1000,220,20260426_073340
GCNII,5,5,forte-1,2,1000,0.05,X,realistic/dp0.001_mf0.01_rf0.01_gd0.008,0.826,1000,826,20260426_073340
MWPM+GCNII,5,5,forte-1,2,1000,0.05,X,realistic/dp0.001_mf0.01_rf0.01_gd0.008,0.22,1000,220,20260426_073340
APPNP,5,5,forte-1,2,1000,0.005,X,realistic/dp0.001_mf0.01_rf0.01_gd0.008,0.826,1000,826,20260426_073340
MWPM+APPNP,5,5,forte-1,2,1000,0.005,X,realistic/dp0.001_mf0.01_rf0.01_gd0.008,0.22,1000,220,20260426_073340
APPNP,5,5,forte-1,2,1000,0.01,X,realistic/dp0.001_mf0.01_rf0.01_gd0.008,0.826,1000,826,20260426_073340
MWPM+APPNP,5,5,forte-1,2,1000,0.01,X,realistic/dp0.001_mf0.01_rf0.01_gd0.008,0.22,1000,220,20260426_073340
APPNP,5,5,forte-1,2,1000,0.05,X,realistic/dp0.001_mf0.01_rf0.01_gd0.008,0.286,1000,286,20260426_073340
MWPM+APPNP,5,5,forte-1,2,1000,0.05,X,realistic/dp0.001_mf0.01_rf0.01_gd0.008,0.171,1000,171,20260426_073340
GraphTransformer,5,5,forte-1,2,1000,0.005,X,realistic/dp0.001_mf0.01_rf0.01_gd0.008,0.165,1000,165,20260426_073340
MWPM+GraphTransformer,5,5,forte-1,2,1000,0.005,X,realistic/dp0.001_mf0.01_rf0.01_gd0.008,0.122,1000,122,20260426_073340
GraphTransformer,5,5,forte-1,2,1000,0.01,X,realistic/dp0.001_mf0.01_rf0.01_gd0.008,0.167,1000,167,20260426_073340
MWPM+GraphTransformer,5,5,forte-1,2,1000,0.01,X,realistic/dp0.001_mf0.01_rf0.01_gd0.008,0.124,1000,124,20260426_073340
GraphTransformer,5,5,forte-1,2,1000,0.05,X,realistic/dp0.001_mf0.01_rf0.01_gd0.008,0.174,1000,174,20260426_073340
MWPM+GraphTransformer,5,5,forte-1,2,1000,0.05,X,realistic/dp0.001_mf0.01_rf0.01_gd0.008,0.125,1000,125,20260426_073340
GCN,5,5,forte-1,2,1000,0.005,X,realistic/dp0.001_mf0.01_rf0.01_gd0.008,0.287,1000,287,20260426_073340
MWPM+GCN,5,5,forte-1,2,1000,0.005,X,realistic/dp0.001_mf0.01_rf0.01_gd0.008,0.156,1000,156,20260426_073340
GCN,5,5,forte-1,2,1000,0.01,X,realistic/dp0.001_mf0.01_rf0.01_gd0.008,0.438,1000,438,20260426_073340
MWPM+GCN,5,5,forte-1,2,1000,0.01,X,realistic/dp0.001_mf0.01_rf0.01_gd0.008,0.151,1000,151,20260426_073340
GCN,5,5,forte-1,2,1000,0.05,X,realistic/dp0.001_mf0.01_rf0.01_gd0.008,0.232,1000,232,20260426_073340
MWPM+GCN,5,5,forte-1,2,1000,0.05,X,realistic/dp0.001_mf0.01_rf0.01_gd0.008,0.14,1000,140,20260426_073340
GAT,5,5,forte-1,2,1000,0.005,X,realistic/dp0.001_mf0.01_rf0.01_gd0.008,0.19,1000,190,20260426_073340
MWPM+GAT,5,5,forte-1,2,1000,0.005,X,realistic/dp0.001_mf0.01_rf0.01_gd0.008,0.127,1000,127,20260426_073340
GAT,5,5,forte-1,2,1000,0.01,X,realistic/dp0.001_mf0.01_rf0.01_gd0.008,0.178,1000,178,20260426_073340
MWPM+GAT,5,5,forte-1,2,1000,0.01,X,realistic/dp0.001_mf0.01_rf0.01_gd0.008,0.131,1000,131,20260426_073340
GAT,5,5,forte-1,2,1000,0.05,X,realistic/dp0.001_mf0.01_rf0.01_gd0.008,0.333,1000,333,20260426_073340
MWPM+GAT,5,5,forte-1,2,1000,0.05,X,realistic/dp0.001_mf0.01_rf0.01_gd0.008,0.164,1000,164,20260426_073340
GNN,5,5,forte-1,2,1000,0.005,X,realistic/dp0.001_mf0.01_rf0.01_gd0.008,0.728,1000,728,20260426_073340
MWPM+GNN,5,5,forte-1,2,1000,0.005,X,realistic/dp0.001_mf0.01_rf0.01_gd0.008,0.191,1000,191,20260426_073340
GNN,5,5,forte-1,2,1000,0.01,X,realistic/dp0.001_mf0.01_rf0.01_gd0.008,0.574,1000,574,20260426_073340
MWPM+GNN,5,5,forte-1,2,1000,0.01,X,realistic/dp0.001_mf0.01_rf0.01_gd0.008,0.187,1000,187,20260426_073340
GNN,5,5,forte-1,2,1000,0.05,X,realistic/dp0.001_mf0.01_rf0.01_gd0.008,0.726,1000,726,20260426_073340
MWPM+GNN,5,5,forte-1,2,1000,0.05,X,realistic/dp0.001_mf0.01_rf0.01_gd0.008,0.21,1000,210,20260426_073340
GraphMamba,5,5,forte-1,2,1000,0.005,X,realistic/dp0.001_mf0.01_rf0.01_gd0.008,0.161,1000,161,20260426_073340
MWPM+GraphMamba,5,5,forte-1,2,1000,0.005,X,realistic/dp0.001_mf0.01_rf0.01_gd0.008,0.124,1000,124,20260426_073340
GraphMamba,5,5,forte-1,2,1000,0.01,X,realistic/dp0.001_mf0.01_rf0.01_gd0.008,0.161,1000,161,20260426_073340
MWPM+GraphMamba,5,5,forte-1,2,1000,0.01,X,realistic/dp0.001_mf0.01_rf0.01_gd0.008,0.125,1000,125,20260426_073340
GraphMamba,5,5,forte-1,2,1000,0.05,X,realistic/dp0.001_mf0.01_rf0.01_gd0.008,0.158,1000,158,20260426_073340
MWPM+GraphMamba,5,5,forte-1,2,1000,0.05,X,realistic/dp0.001_mf0.01_rf0.01_gd0.008,0.124,1000,124,20260426_073340
CNN,5,5,forte-1,2,1000,0.005,X,realistic/dp0.005_mf0.02_rf0.02_gd0.015,0.185,1000,185,20260426_073340
MWPM+CNN,5,5,forte-1,2,1000,0.005,X,realistic/dp0.005_mf0.02_rf0.02_gd0.015,0.129,1000,129,20260426_073340
CNN,5,5,forte-1,2,1000,0.01,X,realistic/dp0.005_mf0.02_rf0.02_gd0.015,0.201,1000,201,20260426_073340
MWPM+CNN,5,5,forte-1,2,1000,0.01,X,realistic/dp0.005_mf0.02_rf0.02_gd0.015,0.132,1000,132,20260426_073340
CNN,5,5,forte-1,2,1000,0.05,X,realistic/dp0.005_mf0.02_rf0.02_gd0.015,0.188,1000,188,20260426_073340
MWPM+CNN,5,5,forte-1,2,1000,0.05,X,realistic/dp0.005_mf0.02_rf0.02_gd0.015,0.124,1000,124,20260426_073340
GCNII,5,5,forte-1,2,1000,0.005,X,realistic/dp0.005_mf0.02_rf0.02_gd0.015,0.826,1000,826,20260426_073340
MWPM+GCNII,5,5,forte-1,2,1000,0.005,X,realistic/dp0.005_mf0.02_rf0.02_gd0.015,0.22,1000,220,20260426_073340
GCNII,5,5,forte-1,2,1000,0.01,X,realistic/dp0.005_mf0.02_rf0.02_gd0.015,0.174,1000,174,20260426_073340
MWPM+GCNII,5,5,forte-1,2,1000,0.01,X,realistic/dp0.005_mf0.02_rf0.02_gd0.015,0.124,1000,124,20260426_073340
GCNII,5,5,forte-1,2,1000,0.05,X,realistic/dp0.005_mf0.02_rf0.02_gd0.015,0.174,1000,174,20260426_073340
MWPM+GCNII,5,5,forte-1,2,1000,0.05,X,realistic/dp0.005_mf0.02_rf0.02_gd0.015,0.124,1000,124,20260426_073340
APPNP,5,5,forte-1,2,1000,0.005,X,realistic/dp0.005_mf0.02_rf0.02_gd0.015,0.174,1000,174,20260426_073340
MWPM+APPNP,5,5,forte-1,2,1000,0.005,X,realistic/dp0.005_mf0.02_rf0.02_gd0.015,0.124,1000,124,20260426_073340
APPNP,5,5,forte-1,2,1000,0.01,X,realistic/dp0.005_mf0.02_rf0.02_gd0.015,0.682,1000,682,20260426_073340
MWPM+APPNP,5,5,forte-1,2,1000,0.01,X,realistic/dp0.005_mf0.02_rf0.02_gd0.015,0.178,1000,178,20260426_073340
APPNP,5,5,forte-1,2,1000,0.05,X,realistic/dp0.005_mf0.02_rf0.02_gd0.015,0.816,1000,816,20260426_073340
MWPM+APPNP,5,5,forte-1,2,1000,0.05,X,realistic/dp0.005_mf0.02_rf0.02_gd0.015,0.21,1000,210,20260426_073340
GraphTransformer,5,5,forte-1,2,1000,0.005,X,realistic/dp0.005_mf0.02_rf0.02_gd0.015,0.174,1000,174,20260426_073340
MWPM+GraphTransformer,5,5,forte-1,2,1000,0.005,X,realistic/dp0.005_mf0.02_rf0.02_gd0.015,0.124,1000,124,20260426_073340
GraphTransformer,5,5,forte-1,2,1000,0.01,X,realistic/dp0.005_mf0.02_rf0.02_gd0.015,0.171,1000,171,20260426_073340
MWPM+GraphTransformer,5,5,forte-1,2,1000,0.01,X,realistic/dp0.005_mf0.02_rf0.02_gd0.015,0.124,1000,124,20260426_073340
GraphTransformer,5,5,forte-1,2,1000,0.05,X,realistic/dp0.005_mf0.02_rf0.02_gd0.015,0.174,1000,174,20260426_073340
MWPM+GraphTransformer,5,5,forte-1,2,1000,0.05,X,realistic/dp0.005_mf0.02_rf0.02_gd0.015,0.124,1000,124,20260426_073340
GCN,5,5,forte-1,2,1000,0.005,X,realistic/dp0.005_mf0.02_rf0.02_gd0.015,0.824,1000,824,20260426_073340
MWPM+GCN,5,5,forte-1,2,1000,0.005,X,realistic/dp0.005_mf0.02_rf0.02_gd0.015,0.219,1000,219,20260426_073340
GCN,5,5,forte-1,2,1000,0.01,X,realistic/dp0.005_mf0.02_rf0.02_gd0.015,0.59,1000,590,20260426_073340
MWPM+GCN,5,5,forte-1,2,1000,0.01,X,realistic/dp0.005_mf0.02_rf0.02_gd0.015,0.192,1000,192,20260426_073340
GCN,5,5,forte-1,2,1000,0.05,X,realistic/dp0.005_mf0.02_rf0.02_gd0.015,0.811,1000,811,20260426_073340
MWPM+GCN,5,5,forte-1,2,1000,0.05,X,realistic/dp0.005_mf0.02_rf0.02_gd0.015,0.21,1000,210,20260426_073340
GAT,5,5,forte-1,2,1000,0.005,X,realistic/dp0.005_mf0.02_rf0.02_gd0.015,0.182,1000,182,20260426_073340
MWPM+GAT,5,5,forte-1,2,1000,0.005,X,realistic/dp0.005_mf0.02_rf0.02_gd0.015,0.13,1000,130,20260426_073340
GAT,5,5,forte-1,2,1000,0.01,X,realistic/dp0.005_mf0.02_rf0.02_gd0.015,0.237,1000,237,20260426_073340
MWPM+GAT,5,5,forte-1,2,1000,0.01,X,realistic/dp0.005_mf0.02_rf0.02_gd0.015,0.143,1000,143,20260426_073340
GAT,5,5,forte-1,2,1000,0.05,X,realistic/dp0.005_mf0.02_rf0.02_gd0.015,0.199,1000,199,20260426_073340
MWPM+GAT,5,5,forte-1,2,1000,0.05,X,realistic/dp0.005_mf0.02_rf0.02_gd0.015,0.133,1000,133,20260426_073340
GNN,5,5,forte-1,2,1000,0.005,X,realistic/dp0.005_mf0.02_rf0.02_gd0.015,0.477,1000,477,20260426_073340
MWPM+GNN,5,5,forte-1,2,1000,0.005,X,realistic/dp0.005_mf0.02_rf0.02_gd0.015,0.176,1000,176,20260426_073340
GNN,5,5,forte-1,2,1000,0.01,X,realistic/dp0.005_mf0.02_rf0.02_gd0.015,0.363,1000,363,20260426_073340
MWPM+GNN,5,5,forte-1,2,1000,0.01,X,realistic/dp0.005_mf0.02_rf0.02_gd0.015,0.153,1000,153,20260426_073340
GNN,5,5,forte-1,2,1000,0.05,X,realistic/dp0.005_mf0.02_rf0.02_gd0.015,0.174,1000,174,20260426_073340
MWPM+GNN,5,5,forte-1,2,1000,0.05,X,realistic/dp0.005_mf0.02_rf0.02_gd0.015,0.124,1000,124,20260426_073340
GraphMamba,5,5,forte-1,2,1000,0.005,X,realistic/dp0.005_mf0.02_rf0.02_gd0.015,0.167,1000,167,20260426_073340
MWPM+GraphMamba,5,5,forte-1,2,1000,0.005,X,realistic/dp0.005_mf0.02_rf0.02_gd0.015,0.124,1000,124,20260426_073340
GraphMamba,5,5,forte-1,2,1000,0.01,X,realistic/dp0.005_mf0.02_rf0.02_gd0.015,0.159,1000,159,20260426_073340
MWPM+GraphMamba,5,5,forte-1,2,1000,0.01,X,realistic/dp0.005_mf0.02_rf0.02_gd0.015,0.123,1000,123,20260426_073340
GraphMamba,5,5,forte-1,2,1000,0.05,X,realistic/dp0.005_mf0.02_rf0.02_gd0.015,0.161,1000,161,20260426_073340
MWPM+GraphMamba,5,5,forte-1,2,1000,0.05,X,realistic/dp0.005_mf0.02_rf0.02_gd0.015,0.125,1000,125,20260426_073340
CNN,5,5,forte-1,2,1000,0.005,X,realistic/dp0.01_mf0.05_rf0.05_gd0.01,0.192,1000,192,20260426_073340
MWPM+CNN,5,5,forte-1,2,1000,0.005,X,realistic/dp0.01_mf0.05_rf0.05_gd0.01,0.129,1000,129,20260426_073340
CNN,5,5,forte-1,2,1000,0.01,X,realistic/dp0.01_mf0.05_rf0.05_gd0.01,0.181,1000,181,20260426_073340
MWPM+CNN,5,5,forte-1,2,1000,0.01,X,realistic/dp0.01_mf0.05_rf0.05_gd0.01,0.123,1000,123,20260426_073340
CNN,5,5,forte-1,2,1000,0.05,X,realistic/dp0.01_mf0.05_rf0.05_gd0.01,0.2,1000,200,20260426_073340
MWPM+CNN,5,5,forte-1,2,1000,0.05,X,realistic/dp0.01_mf0.05_rf0.05_gd0.01,0.131,1000,131,20260426_073340
GCNII,5,5,forte-1,2,1000,0.005,X,realistic/dp0.01_mf0.05_rf0.05_gd0.01,0.826,1000,826,20260426_073340
MWPM+GCNII,5,5,forte-1,2,1000,0.005,X,realistic/dp0.01_mf0.05_rf0.05_gd0.01,0.22,1000,220,20260426_073340
GCNII,5,5,forte-1,2,1000,0.01,X,realistic/dp0.01_mf0.05_rf0.05_gd0.01,0.826,1000,826,20260426_073340
MWPM+GCNII,5,5,forte-1,2,1000,0.01,X,realistic/dp0.01_mf0.05_rf0.05_gd0.01,0.22,1000,220,20260426_073340
GCNII,5,5,forte-1,2,1000,0.05,X,realistic/dp0.01_mf0.05_rf0.05_gd0.01,0.826,1000,826,20260426_073340
MWPM+GCNII,5,5,forte-1,2,1000,0.05,X,realistic/dp0.01_mf0.05_rf0.05_gd0.01,0.22,1000,220,20260426_073340
APPNP,5,5,forte-1,2,1000,0.005,X,realistic/dp0.01_mf0.05_rf0.05_gd0.01,0.174,1000,174,20260426_073340
MWPM+APPNP,5,5,forte-1,2,1000,0.005,X,realistic/dp0.01_mf0.05_rf0.05_gd0.01,0.124,1000,124,20260426_073340
APPNP,5,5,forte-1,2,1000,0.01,X,realistic/dp0.01_mf0.05_rf0.05_gd0.01,0.232,1000,232,20260426_073340
MWPM+APPNP,5,5,forte-1,2,1000,0.01,X,realistic/dp0.01_mf0.05_rf0.05_gd0.01,0.139,1000,139,20260426_073340
APPNP,5,5,forte-1,2,1000,0.05,X,realistic/dp0.01_mf0.05_rf0.05_gd0.01,0.826,1000,826,20260426_073340
MWPM+APPNP,5,5,forte-1,2,1000,0.05,X,realistic/dp0.01_mf0.05_rf0.05_gd0.01,0.22,1000,220,20260426_073340
GraphTransformer,5,5,forte-1,2,1000,0.005,X,realistic/dp0.01_mf0.05_rf0.05_gd0.01,0.175,1000,175,20260426_073340
MWPM+GraphTransformer,5,5,forte-1,2,1000,0.005,X,realistic/dp0.01_mf0.05_rf0.05_gd0.01,0.126,1000,126,20260426_073340
GraphTransformer,5,5,forte-1,2,1000,0.01,X,realistic/dp0.01_mf0.05_rf0.05_gd0.01,0.174,1000,174,20260426_073340
MWPM+GraphTransformer,5,5,forte-1,2,1000,0.01,X,realistic/dp0.01_mf0.05_rf0.05_gd0.01,0.124,1000,124,20260426_073340
GraphTransformer,5,5,forte-1,2,1000,0.05,X,realistic/dp0.01_mf0.05_rf0.05_gd0.01,0.174,1000,174,20260426_073340
MWPM+GraphTransformer,5,5,forte-1,2,1000,0.05,X,realistic/dp0.01_mf0.05_rf0.05_gd0.01,0.124,1000,124,20260426_073340
GCN,5,5,forte-1,2,1000,0.005,X,realistic/dp0.01_mf0.05_rf0.05_gd0.01,0.824,1000,824,20260426_073340
MWPM+GCN,5,5,forte-1,2,1000,0.005,X,realistic/dp0.01_mf0.05_rf0.05_gd0.01,0.22,1000,220,20260426_073340
GCN,5,5,forte-1,2,1000,0.01,X,realistic/dp0.01_mf0.05_rf0.05_gd0.01,0.174,1000,174,20260426_073340
MWPM+GCN,5,5,forte-1,2,1000,0.01,X,realistic/dp0.01_mf0.05_rf0.05_gd0.01,0.124,1000,124,20260426_073340
GCN,5,5,forte-1,2,1000,0.05,X,realistic/dp0.01_mf0.05_rf0.05_gd0.01,0.826,1000,826,20260426_073340
MWPM+GCN,5,5,forte-1,2,1000,0.05,X,realistic/dp0.01_mf0.05_rf0.05_gd0.01,0.22,1000,220,20260426_073340
GAT,5,5,forte-1,2,1000,0.005,X,realistic/dp0.01_mf0.05_rf0.05_gd0.01,0.185,1000,185,20260426_073340
MWPM+GAT,5,5,forte-1,2,1000,0.005,X,realistic/dp0.01_mf0.05_rf0.05_gd0.01,0.134,1000,134,20260426_073340
GAT,5,5,forte-1,2,1000,0.01,X,realistic/dp0.01_mf0.05_rf0.05_gd0.01,0.384,1000,384,20260426_073340
MWPM+GAT,5,5,forte-1,2,1000,0.01,X,realistic/dp0.01_mf0.05_rf0.05_gd0.01,0.163,1000,163,20260426_073340
GAT,5,5,forte-1,2,1000,0.05,X,realistic/dp0.01_mf0.05_rf0.05_gd0.01,0.2,1000,200,20260426_073340
MWPM+GAT,5,5,forte-1,2,1000,0.05,X,realistic/dp0.01_mf0.05_rf0.05_gd0.01,0.136,1000,136,20260426_073340
GNN,5,5,forte-1,2,1000,0.005,X,realistic/dp0.01_mf0.05_rf0.05_gd0.01,0.329,1000,329,20260426_073340
MWPM+GNN,5,5,forte-1,2,1000,0.005,X,realistic/dp0.01_mf0.05_rf0.05_gd0.01,0.158,1000,158,20260426_073340
GNN,5,5,forte-1,2,1000,0.01,X,realistic/dp0.01_mf0.05_rf0.05_gd0.01,0.444,1000,444,20260426_073340
MWPM+GNN,5,5,forte-1,2,1000,0.01,X,realistic/dp0.01_mf0.05_rf0.05_gd0.01,0.165,1000,165,20260426_073340
GNN,5,5,forte-1,2,1000,0.05,X,realistic/dp0.01_mf0.05_rf0.05_gd0.01,0.671,1000,671,20260426_073340
MWPM+GNN,5,5,forte-1,2,1000,0.05,X,realistic/dp0.01_mf0.05_rf0.05_gd0.01,0.192,1000,192,20260426_073340
GraphMamba,5,5,forte-1,2,1000,0.005,X,realistic/dp0.01_mf0.05_rf0.05_gd0.01,0.172,1000,172,20260426_073340
MWPM+GraphMamba,5,5,forte-1,2,1000,0.005,X,realistic/dp0.01_mf0.05_rf0.05_gd0.01,0.124,1000,124,20260426_073340
GraphMamba,5,5,forte-1,2,1000,0.01,X,realistic/dp0.01_mf0.05_rf0.05_gd0.01,0.168,1000,168,20260426_073340
MWPM+GraphMamba,5,5,forte-1,2,1000,0.01,X,realistic/dp0.01_mf0.05_rf0.05_gd0.01,0.124,1000,124,20260426_073340
GraphMamba,5,5,forte-1,2,1000,0.05,X,realistic/dp0.01_mf0.05_rf0.05_gd0.01,0.154,1000,154,20260426_073340
MWPM+GraphMamba,5,5,forte-1,2,1000,0.05,X,realistic/dp0.01_mf0.05_rf0.05_gd0.01,0.124,1000,124,20260426_073340
No_Correction,5,5,forte-1,3,1000,0.0,,,0.171,1000,171,20260426_073503
MWPM_Restriction,5,5,forte-1,3,1000,0.0,,,0.112,1000,112,20260426_073503
CNN,5,5,forte-1,3,1000,0.005,X,realistic/dp0.001_mf0.01_rf0.01_gd0.008,0.173,1000,173,20260426_073503
MWPM+CNN,5,5,forte-1,3,1000,0.005,X,realistic/dp0.001_mf0.01_rf0.01_gd0.008,0.114,1000,114,20260426_073503
CNN,5,5,forte-1,3,1000,0.01,X,realistic/dp0.001_mf0.01_rf0.01_gd0.008,0.167,1000,167,20260426_073503
MWPM+CNN,5,5,forte-1,3,1000,0.01,X,realistic/dp0.001_mf0.01_rf0.01_gd0.008,0.112,1000,112,20260426_073503
CNN,5,5,forte-1,3,1000,0.05,X,realistic/dp0.001_mf0.01_rf0.01_gd0.008,0.174,1000,174,20260426_073503
MWPM+CNN,5,5,forte-1,3,1000,0.05,X,realistic/dp0.001_mf0.01_rf0.01_gd0.008,0.103,1000,103,20260426_073503
GCNII,5,5,forte-1,3,1000,0.005,X,realistic/dp0.001_mf0.01_rf0.01_gd0.008,0.829,1000,829,20260426_073503
MWPM+GCNII,5,5,forte-1,3,1000,0.005,X,realistic/dp0.001_mf0.01_rf0.01_gd0.008,0.232,1000,232,20260426_073503
GCNII,5,5,forte-1,3,1000,0.01,X,realistic/dp0.001_mf0.01_rf0.01_gd0.008,0.829,1000,829,20260426_073503
MWPM+GCNII,5,5,forte-1,3,1000,0.01,X,realistic/dp0.001_mf0.01_rf0.01_gd0.008,0.232,1000,232,20260426_073503
GCNII,5,5,forte-1,3,1000,0.05,X,realistic/dp0.001_mf0.01_rf0.01_gd0.008,0.829,1000,829,20260426_073503
MWPM+GCNII,5,5,forte-1,3,1000,0.05,X,realistic/dp0.001_mf0.01_rf0.01_gd0.008,0.232,1000,232,20260426_073503
APPNP,5,5,forte-1,3,1000,0.005,X,realistic/dp0.001_mf0.01_rf0.01_gd0.008,0.829,1000,829,20260426_073503
MWPM+APPNP,5,5,forte-1,3,1000,0.005,X,realistic/dp0.001_mf0.01_rf0.01_gd0.008,0.232,1000,232,20260426_073503
APPNP,5,5,forte-1,3,1000,0.01,X,realistic/dp0.001_mf0.01_rf0.01_gd0.008,0.829,1000,829,20260426_073503
MWPM+APPNP,5,5,forte-1,3,1000,0.01,X,realistic/dp0.001_mf0.01_rf0.01_gd0.008,0.232,1000,232,20260426_073503
APPNP,5,5,forte-1,3,1000,0.05,X,realistic/dp0.001_mf0.01_rf0.01_gd0.008,0.297,1000,297,20260426_073503
MWPM+APPNP,5,5,forte-1,3,1000,0.05,X,realistic/dp0.001_mf0.01_rf0.01_gd0.008,0.159,1000,159,20260426_073503
GraphTransformer,5,5,forte-1,3,1000,0.005,X,realistic/dp0.001_mf0.01_rf0.01_gd0.008,0.165,1000,165,20260426_073503
MWPM+GraphTransformer,5,5,forte-1,3,1000,0.005,X,realistic/dp0.001_mf0.01_rf0.01_gd0.008,0.111,1000,111,20260426_073503
GraphTransformer,5,5,forte-1,3,1000,0.01,X,realistic/dp0.001_mf0.01_rf0.01_gd0.008,0.159,1000,159,20260426_073503
MWPM+GraphTransformer,5,5,forte-1,3,1000,0.01,X,realistic/dp0.001_mf0.01_rf0.01_gd0.008,0.106,1000,106,20260426_073503
GraphTransformer,5,5,forte-1,3,1000,0.05,X,realistic/dp0.001_mf0.01_rf0.01_gd0.008,0.172,1000,172,20260426_073503
MWPM+GraphTransformer,5,5,forte-1,3,1000,0.05,X,realistic/dp0.001_mf0.01_rf0.01_gd0.008,0.111,1000,111,20260426_073503
GCN,5,5,forte-1,3,1000,0.005,X,realistic/dp0.001_mf0.01_rf0.01_gd0.008,0.288,1000,288,20260426_073503
MWPM+GCN,5,5,forte-1,3,1000,0.005,X,realistic/dp0.001_mf0.01_rf0.01_gd0.008,0.135,1000,135,20260426_073503
GCN,5,5,forte-1,3,1000,0.01,X,realistic/dp0.001_mf0.01_rf0.01_gd0.008,0.41,1000,410,20260426_073503
MWPM+GCN,5,5,forte-1,3,1000,0.01,X,realistic/dp0.001_mf0.01_rf0.01_gd0.008,0.147,1000,147,20260426_073503
GCN,5,5,forte-1,3,1000,0.05,X,realistic/dp0.001_mf0.01_rf0.01_gd0.008,0.224,1000,224,20260426_073503
MWPM+GCN,5,5,forte-1,3,1000,0.05,X,realistic/dp0.001_mf0.01_rf0.01_gd0.008,0.125,1000,125,20260426_073503
GAT,5,5,forte-1,3,1000,0.005,X,realistic/dp0.001_mf0.01_rf0.01_gd0.008,0.197,1000,197,20260426_073503
MWPM+GAT,5,5,forte-1,3,1000,0.005,X,realistic/dp0.001_mf0.01_rf0.01_gd0.008,0.112,1000,112,20260426_073503
GAT,5,5,forte-1,3,1000,0.01,X,realistic/dp0.001_mf0.01_rf0.01_gd0.008,0.178,1000,178,20260426_073503
MWPM+GAT,5,5,forte-1,3,1000,0.01,X,realistic/dp0.001_mf0.01_rf0.01_gd0.008,0.115,1000,115,20260426_073503
GAT,5,5,forte-1,3,1000,0.05,X,realistic/dp0.001_mf0.01_rf0.01_gd0.008,0.348,1000,348,20260426_073503
MWPM+GAT,5,5,forte-1,3,1000,0.05,X,realistic/dp0.001_mf0.01_rf0.01_gd0.008,0.152,1000,152,20260426_073503
GNN,5,5,forte-1,3,1000,0.005,X,realistic/dp0.001_mf0.01_rf0.01_gd0.008,0.74,1000,740,20260426_073503
MWPM+GNN,5,5,forte-1,3,1000,0.005,X,realistic/dp0.001_mf0.01_rf0.01_gd0.008,0.206,1000,206,20260426_073503
GNN,5,5,forte-1,3,1000,0.01,X,realistic/dp0.001_mf0.01_rf0.01_gd0.008,0.559,1000,559,20260426_073503
MWPM+GNN,5,5,forte-1,3,1000,0.01,X,realistic/dp0.001_mf0.01_rf0.01_gd0.008,0.168,1000,168,20260426_073503
GNN,5,5,forte-1,3,1000,0.05,X,realistic/dp0.001_mf0.01_rf0.01_gd0.008,0.719,1000,719,20260426_073503
MWPM+GNN,5,5,forte-1,3,1000,0.05,X,realistic/dp0.001_mf0.01_rf0.01_gd0.008,0.222,1000,222,20260426_073503
GraphMamba,5,5,forte-1,3,1000,0.005,X,realistic/dp0.001_mf0.01_rf0.01_gd0.008,0.162,1000,162,20260426_073503
MWPM+GraphMamba,5,5,forte-1,3,1000,0.005,X,realistic/dp0.001_mf0.01_rf0.01_gd0.008,0.111,1000,111,20260426_073503
GraphMamba,5,5,forte-1,3,1000,0.01,X,realistic/dp0.001_mf0.01_rf0.01_gd0.008,0.157,1000,157,20260426_073503
MWPM+GraphMamba,5,5,forte-1,3,1000,0.01,X,realistic/dp0.001_mf0.01_rf0.01_gd0.008,0.11,1000,110,20260426_073503
GraphMamba,5,5,forte-1,3,1000,0.05,X,realistic/dp0.001_mf0.01_rf0.01_gd0.008,0.155,1000,155,20260426_073503
MWPM+GraphMamba,5,5,forte-1,3,1000,0.05,X,realistic/dp0.001_mf0.01_rf0.01_gd0.008,0.112,1000,112,20260426_073503
CNN,5,5,forte-1,3,1000,0.005,X,realistic/dp0.005_mf0.02_rf0.02_gd0.015,0.19,1000,190,20260426_073503
MWPM+CNN,5,5,forte-1,3,1000,0.005,X,realistic/dp0.005_mf0.02_rf0.02_gd0.015,0.115,1000,115,20260426_073503
CNN,5,5,forte-1,3,1000,0.01,X,realistic/dp0.005_mf0.02_rf0.02_gd0.015,0.199,1000,199,20260426_073503
MWPM+CNN,5,5,forte-1,3,1000,0.01,X,realistic/dp0.005_mf0.02_rf0.02_gd0.015,0.118,1000,118,20260426_073503
CNN,5,5,forte-1,3,1000,0.05,X,realistic/dp0.005_mf0.02_rf0.02_gd0.015,0.188,1000,188,20260426_073503
MWPM+CNN,5,5,forte-1,3,1000,0.05,X,realistic/dp0.005_mf0.02_rf0.02_gd0.015,0.114,1000,114,20260426_073503
GCNII,5,5,forte-1,3,1000,0.005,X,realistic/dp0.005_mf0.02_rf0.02_gd0.015,0.829,1000,829,20260426_073503
MWPM+GCNII,5,5,forte-1,3,1000,0.005,X,realistic/dp0.005_mf0.02_rf0.02_gd0.015,0.232,1000,232,20260426_073503
GCNII,5,5,forte-1,3,1000,0.01,X,realistic/dp0.005_mf0.02_rf0.02_gd0.015,0.171,1000,171,20260426_073503
MWPM+GCNII,5,5,forte-1,3,1000,0.01,X,realistic/dp0.005_mf0.02_rf0.02_gd0.015,0.112,1000,112,20260426_073503
GCNII,5,5,forte-1,3,1000,0.05,X,realistic/dp0.005_mf0.02_rf0.02_gd0.015,0.171,1000,171,20260426_073503
MWPM+GCNII,5,5,forte-1,3,1000,0.05,X,realistic/dp0.005_mf0.02_rf0.02_gd0.015,0.112,1000,112,20260426_073503
APPNP,5,5,forte-1,3,1000,0.005,X,realistic/dp0.005_mf0.02_rf0.02_gd0.015,0.171,1000,171,20260426_073503
MWPM+APPNP,5,5,forte-1,3,1000,0.005,X,realistic/dp0.005_mf0.02_rf0.02_gd0.015,0.112,1000,112,20260426_073503
APPNP,5,5,forte-1,3,1000,0.01,X,realistic/dp0.005_mf0.02_rf0.02_gd0.015,0.682,1000,682,20260426_073503
MWPM+APPNP,5,5,forte-1,3,1000,0.01,X,realistic/dp0.005_mf0.02_rf0.02_gd0.015,0.184,1000,184,20260426_073503
APPNP,5,5,forte-1,3,1000,0.05,X,realistic/dp0.005_mf0.02_rf0.02_gd0.015,0.817,1000,817,20260426_073503
MWPM+APPNP,5,5,forte-1,3,1000,0.05,X,realistic/dp0.005_mf0.02_rf0.02_gd0.015,0.223,1000,223,20260426_073503
GraphTransformer,5,5,forte-1,3,1000,0.005,X,realistic/dp0.005_mf0.02_rf0.02_gd0.015,0.171,1000,171,20260426_073503
MWPM+GraphTransformer,5,5,forte-1,3,1000,0.005,X,realistic/dp0.005_mf0.02_rf0.02_gd0.015,0.112,1000,112,20260426_073503
GraphTransformer,5,5,forte-1,3,1000,0.01,X,realistic/dp0.005_mf0.02_rf0.02_gd0.015,0.165,1000,165,20260426_073503
MWPM+GraphTransformer,5,5,forte-1,3,1000,0.01,X,realistic/dp0.005_mf0.02_rf0.02_gd0.015,0.112,1000,112,20260426_073503
GraphTransformer,5,5,forte-1,3,1000,0.05,X,realistic/dp0.005_mf0.02_rf0.02_gd0.015,0.168,1000,168,20260426_073503
MWPM+GraphTransformer,5,5,forte-1,3,1000,0.05,X,realistic/dp0.005_mf0.02_rf0.02_gd0.015,0.11,1000,110,20260426_073503
GCN,5,5,forte-1,3,1000,0.005,X,realistic/dp0.005_mf0.02_rf0.02_gd0.015,0.83,1000,830,20260426_073503
MWPM+GCN,5,5,forte-1,3,1000,0.005,X,realistic/dp0.005_mf0.02_rf0.02_gd0.015,0.232,1000,232,20260426_073503
GCN,5,5,forte-1,3,1000,0.01,X,realistic/dp0.005_mf0.02_rf0.02_gd0.015,0.615,1000,615,20260426_073503
MWPM+GCN,5,5,forte-1,3,1000,0.01,X,realistic/dp0.005_mf0.02_rf0.02_gd0.015,0.19,1000,190,20260426_073503
GCN,5,5,forte-1,3,1000,0.05,X,realistic/dp0.005_mf0.02_rf0.02_gd0.015,0.826,1000,826,20260426_073503
MWPM+GCN,5,5,forte-1,3,1000,0.05,X,realistic/dp0.005_mf0.02_rf0.02_gd0.015,0.226,1000,226,20260426_073503
GAT,5,5,forte-1,3,1000,0.005,X,realistic/dp0.005_mf0.02_rf0.02_gd0.015,0.196,1000,196,20260426_073503
MWPM+GAT,5,5,forte-1,3,1000,0.005,X,realistic/dp0.005_mf0.02_rf0.02_gd0.015,0.119,1000,119,20260426_073503
GAT,5,5,forte-1,3,1000,0.01,X,realistic/dp0.005_mf0.02_rf0.02_gd0.015,0.229,1000,229,20260426_073503
MWPM+GAT,5,5,forte-1,3,1000,0.01,X,realistic/dp0.005_mf0.02_rf0.02_gd0.015,0.128,1000,128,20260426_073503
GAT,5,5,forte-1,3,1000,0.05,X,realistic/dp0.005_mf0.02_rf0.02_gd0.015,0.188,1000,188,20260426_073503
MWPM+GAT,5,5,forte-1,3,1000,0.05,X,realistic/dp0.005_mf0.02_rf0.02_gd0.015,0.109,1000,109,20260426_073503
GNN,5,5,forte-1,3,1000,0.005,X,realistic/dp0.005_mf0.02_rf0.02_gd0.015,0.432,1000,432,20260426_073503
MWPM+GNN,5,5,forte-1,3,1000,0.005,X,realistic/dp0.005_mf0.02_rf0.02_gd0.015,0.154,1000,154,20260426_073503
GNN,5,5,forte-1,3,1000,0.01,X,realistic/dp0.005_mf0.02_rf0.02_gd0.015,0.334,1000,334,20260426_073503
MWPM+GNN,5,5,forte-1,3,1000,0.01,X,realistic/dp0.005_mf0.02_rf0.02_gd0.015,0.141,1000,141,20260426_073503
GNN,5,5,forte-1,3,1000,0.05,X,realistic/dp0.005_mf0.02_rf0.02_gd0.015,0.171,1000,171,20260426_073503
MWPM+GNN,5,5,forte-1,3,1000,0.05,X,realistic/dp0.005_mf0.02_rf0.02_gd0.015,0.112,1000,112,20260426_073503
GraphMamba,5,5,forte-1,3,1000,0.005,X,realistic/dp0.005_mf0.02_rf0.02_gd0.015,0.161,1000,161,20260426_073503
MWPM+GraphMamba,5,5,forte-1,3,1000,0.005,X,realistic/dp0.005_mf0.02_rf0.02_gd0.015,0.111,1000,111,20260426_073503
GraphMamba,5,5,forte-1,3,1000,0.01,X,realistic/dp0.005_mf0.02_rf0.02_gd0.015,0.157,1000,157,20260426_073503
MWPM+GraphMamba,5,5,forte-1,3,1000,0.01,X,realistic/dp0.005_mf0.02_rf0.02_gd0.015,0.11,1000,110,20260426_073503
GraphMamba,5,5,forte-1,3,1000,0.05,X,realistic/dp0.005_mf0.02_rf0.02_gd0.015,0.158,1000,158,20260426_073503
MWPM+GraphMamba,5,5,forte-1,3,1000,0.05,X,realistic/dp0.005_mf0.02_rf0.02_gd0.015,0.112,1000,112,20260426_073503
CNN,5,5,forte-1,3,1000,0.005,X,realistic/dp0.01_mf0.05_rf0.05_gd0.01,0.183,1000,183,20260426_073503
MWPM+CNN,5,5,forte-1,3,1000,0.005,X,realistic/dp0.01_mf0.05_rf0.05_gd0.01,0.114,1000,114,20260426_073503
CNN,5,5,forte-1,3,1000,0.01,X,realistic/dp0.01_mf0.05_rf0.05_gd0.01,0.186,1000,186,20260426_073503
MWPM+CNN,5,5,forte-1,3,1000,0.01,X,realistic/dp0.01_mf0.05_rf0.05_gd0.01,0.113,1000,113,20260426_073503
CNN,5,5,forte-1,3,1000,0.05,X,realistic/dp0.01_mf0.05_rf0.05_gd0.01,0.185,1000,185,20260426_073503
MWPM+CNN,5,5,forte-1,3,1000,0.05,X,realistic/dp0.01_mf0.05_rf0.05_gd0.01,0.119,1000,119,20260426_073503
GCNII,5,5,forte-1,3,1000,0.005,X,realistic/dp0.01_mf0.05_rf0.05_gd0.01,0.829,1000,829,20260426_073503
MWPM+GCNII,5,5,forte-1,3,1000,0.005,X,realistic/dp0.01_mf0.05_rf0.05_gd0.01,0.232,1000,232,20260426_073503
GCNII,5,5,forte-1,3,1000,0.01,X,realistic/dp0.01_mf0.05_rf0.05_gd0.01,0.829,1000,829,20260426_073503
MWPM+GCNII,5,5,forte-1,3,1000,0.01,X,realistic/dp0.01_mf0.05_rf0.05_gd0.01,0.232,1000,232,20260426_073503
GCNII,5,5,forte-1,3,1000,0.05,X,realistic/dp0.01_mf0.05_rf0.05_gd0.01,0.829,1000,829,20260426_073503
MWPM+GCNII,5,5,forte-1,3,1000,0.05,X,realistic/dp0.01_mf0.05_rf0.05_gd0.01,0.232,1000,232,20260426_073503
APPNP,5,5,forte-1,3,1000,0.005,X,realistic/dp0.01_mf0.05_rf0.05_gd0.01,0.171,1000,171,20260426_073503
MWPM+APPNP,5,5,forte-1,3,1000,0.005,X,realistic/dp0.01_mf0.05_rf0.05_gd0.01,0.112,1000,112,20260426_073503
APPNP,5,5,forte-1,3,1000,0.01,X,realistic/dp0.01_mf0.05_rf0.05_gd0.01,0.219,1000,219,20260426_073503
MWPM+APPNP,5,5,forte-1,3,1000,0.01,X,realistic/dp0.01_mf0.05_rf0.05_gd0.01,0.128,1000,128,20260426_073503
APPNP,5,5,forte-1,3,1000,0.05,X,realistic/dp0.01_mf0.05_rf0.05_gd0.01,0.829,1000,829,20260426_073503
MWPM+APPNP,5,5,forte-1,3,1000,0.05,X,realistic/dp0.01_mf0.05_rf0.05_gd0.01,0.232,1000,232,20260426_073503
GraphTransformer,5,5,forte-1,3,1000,0.005,X,realistic/dp0.01_mf0.05_rf0.05_gd0.01,0.169,1000,169,20260426_073503
MWPM+GraphTransformer,5,5,forte-1,3,1000,0.005,X,realistic/dp0.01_mf0.05_rf0.05_gd0.01,0.113,1000,113,20260426_073503
GraphTransformer,5,5,forte-1,3,1000,0.01,X,realistic/dp0.01_mf0.05_rf0.05_gd0.01,0.171,1000,171,20260426_073503
MWPM+GraphTransformer,5,5,forte-1,3,1000,0.01,X,realistic/dp0.01_mf0.05_rf0.05_gd0.01,0.112,1000,112,20260426_073503
GraphTransformer,5,5,forte-1,3,1000,0.05,X,realistic/dp0.01_mf0.05_rf0.05_gd0.01,0.171,1000,171,20260426_073503
MWPM+GraphTransformer,5,5,forte-1,3,1000,0.05,X,realistic/dp0.01_mf0.05_rf0.05_gd0.01,0.112,1000,112,20260426_073503
GCN,5,5,forte-1,3,1000,0.005,X,realistic/dp0.01_mf0.05_rf0.05_gd0.01,0.828,1000,828,20260426_073503
MWPM+GCN,5,5,forte-1,3,1000,0.005,X,realistic/dp0.01_mf0.05_rf0.05_gd0.01,0.232,1000,232,20260426_073503
GCN,5,5,forte-1,3,1000,0.01,X,realistic/dp0.01_mf0.05_rf0.05_gd0.01,0.171,1000,171,20260426_073503
MWPM+GCN,5,5,forte-1,3,1000,0.01,X,realistic/dp0.01_mf0.05_rf0.05_gd0.01,0.112,1000,112,20260426_073503
GCN,5,5,forte-1,3,1000,0.05,X,realistic/dp0.01_mf0.05_rf0.05_gd0.01,0.829,1000,829,20260426_073503
MWPM+GCN,5,5,forte-1,3,1000,0.05,X,realistic/dp0.01_mf0.05_rf0.05_gd0.01,0.232,1000,232,20260426_073503
GAT,5,5,forte-1,3,1000,0.005,X,realistic/dp0.01_mf0.05_rf0.05_gd0.01,0.187,1000,187,20260426_073503
MWPM+GAT,5,5,forte-1,3,1000,0.005,X,realistic/dp0.01_mf0.05_rf0.05_gd0.01,0.119,1000,119,20260426_073503
GAT,5,5,forte-1,3,1000,0.01,X,realistic/dp0.01_mf0.05_rf0.05_gd0.01,0.364,1000,364,20260426_073503
MWPM+GAT,5,5,forte-1,3,1000,0.01,X,realistic/dp0.01_mf0.05_rf0.05_gd0.01,0.151,1000,151,20260426_073503
GAT,5,5,forte-1,3,1000,0.05,X,realistic/dp0.01_mf0.05_rf0.05_gd0.01,0.201,1000,201,20260426_073503
MWPM+GAT,5,5,forte-1,3,1000,0.05,X,realistic/dp0.01_mf0.05_rf0.05_gd0.01,0.115,1000,115,20260426_073503
GNN,5,5,forte-1,3,1000,0.005,X,realistic/dp0.01_mf0.05_rf0.05_gd0.01,0.313,1000,313,20260426_073503
MWPM+GNN,5,5,forte-1,3,1000,0.005,X,realistic/dp0.01_mf0.05_rf0.05_gd0.01,0.147,1000,147,20260426_073503
GNN,5,5,forte-1,3,1000,0.01,X,realistic/dp0.01_mf0.05_rf0.05_gd0.01,0.41,1000,410,20260426_073503
MWPM+GNN,5,5,forte-1,3,1000,0.01,X,realistic/dp0.01_mf0.05_rf0.05_gd0.01,0.149,1000,149,20260426_073503
GNN,5,5,forte-1,3,1000,0.05,X,realistic/dp0.01_mf0.05_rf0.05_gd0.01,0.686,1000,686,20260426_073503
MWPM+GNN,5,5,forte-1,3,1000,0.05,X,realistic/dp0.01_mf0.05_rf0.05_gd0.01,0.22,1000,220,20260426_073503
GraphMamba,5,5,forte-1,3,1000,0.005,X,realistic/dp0.01_mf0.05_rf0.05_gd0.01,0.168,1000,168,20260426_073503
MWPM+GraphMamba,5,5,forte-1,3,1000,0.005,X,realistic/dp0.01_mf0.05_rf0.05_gd0.01,0.112,1000,112,20260426_073503
GraphMamba,5,5,forte-1,3,1000,0.01,X,realistic/dp0.01_mf0.05_rf0.05_gd0.01,0.168,1000,168,20260426_073503
MWPM+GraphMamba,5,5,forte-1,3,1000,0.01,X,realistic/dp0.01_mf0.05_rf0.05_gd0.01,0.111,1000,111,20260426_073503
GraphMamba,5,5,forte-1,3,1000,0.05,X,realistic/dp0.01_mf0.05_rf0.05_gd0.01,0.157,1000,157,20260426_073503
MWPM+GraphMamba,5,5,forte-1,3,1000,0.05,X,realistic/dp0.01_mf0.05_rf0.05_gd0.01,0.111,1000,111,20260426_073503
No_Correction,5,5,forte-1,4,1000,0.0,,,0.16,1000,160,20260426_073627
MWPM_Restriction,5,5,forte-1,4,1000,0.0,,,0.115,1000,115,20260426_073627
CNN,5,5,forte-1,4,1000,0.005,X,realistic/dp0.001_mf0.01_rf0.01_gd0.008,0.162,1000,162,20260426_073627
MWPM+CNN,5,5,forte-1,4,1000,0.005,X,realistic/dp0.001_mf0.01_rf0.01_gd0.008,0.115,1000,115,20260426_073627
CNN,5,5,forte-1,4,1000,0.01,X,realistic/dp0.001_mf0.01_rf0.01_gd0.008,0.165,1000,165,20260426_073627
MWPM+CNN,5,5,forte-1,4,1000,0.01,X,realistic/dp0.001_mf0.01_rf0.01_gd0.008,0.119,1000,119,20260426_073627
CNN,5,5,forte-1,4,1000,0.05,X,realistic/dp0.001_mf0.01_rf0.01_gd0.008,0.175,1000,175,20260426_073627
MWPM+CNN,5,5,forte-1,4,1000,0.05,X,realistic/dp0.001_mf0.01_rf0.01_gd0.008,0.118,1000,118,20260426_073627
GCNII,5,5,forte-1,4,1000,0.005,X,realistic/dp0.001_mf0.01_rf0.01_gd0.008,0.84,1000,840,20260426_073627
MWPM+GCNII,5,5,forte-1,4,1000,0.005,X,realistic/dp0.001_mf0.01_rf0.01_gd0.008,0.235,1000,235,20260426_073627
GCNII,5,5,forte-1,4,1000,0.01,X,realistic/dp0.001_mf0.01_rf0.01_gd0.008,0.84,1000,840,20260426_073627
MWPM+GCNII,5,5,forte-1,4,1000,0.01,X,realistic/dp0.001_mf0.01_rf0.01_gd0.008,0.235,1000,235,20260426_073627
GCNII,5,5,forte-1,4,1000,0.05,X,realistic/dp0.001_mf0.01_rf0.01_gd0.008,0.84,1000,840,20260426_073627
MWPM+GCNII,5,5,forte-1,4,1000,0.05,X,realistic/dp0.001_mf0.01_rf0.01_gd0.008,0.235,1000,235,20260426_073627
APPNP,5,5,forte-1,4,1000,0.005,X,realistic/dp0.001_mf0.01_rf0.01_gd0.008,0.84,1000,840,20260426_073627
MWPM+APPNP,5,5,forte-1,4,1000,0.005,X,realistic/dp0.001_mf0.01_rf0.01_gd0.008,0.235,1000,235,20260426_073627
APPNP,5,5,forte-1,4,1000,0.01,X,realistic/dp0.001_mf0.01_rf0.01_gd0.008,0.84,1000,840,20260426_073627
MWPM+APPNP,5,5,forte-1,4,1000,0.01,X,realistic/dp0.001_mf0.01_rf0.01_gd0.008,0.235,1000,235,20260426_073627
APPNP,5,5,forte-1,4,1000,0.05,X,realistic/dp0.001_mf0.01_rf0.01_gd0.008,0.295,1000,295,20260426_073627
MWPM+APPNP,5,5,forte-1,4,1000,0.05,X,realistic/dp0.001_mf0.01_rf0.01_gd0.008,0.179,1000,179,20260426_073627
GraphTransformer,5,5,forte-1,4,1000,0.005,X,realistic/dp0.001_mf0.01_rf0.01_gd0.008,0.151,1000,151,20260426_073627
MWPM+GraphTransformer,5,5,forte-1,4,1000,0.005,X,realistic/dp0.001_mf0.01_rf0.01_gd0.008,0.112,1000,112,20260426_073627
GraphTransformer,5,5,forte-1,4,1000,0.01,X,realistic/dp0.001_mf0.01_rf0.01_gd0.008,0.151,1000,151,20260426_073627
MWPM+GraphTransformer,5,5,forte-1,4,1000,0.01,X,realistic/dp0.001_mf0.01_rf0.01_gd0.008,0.113,1000,113,20260426_073627
GraphTransformer,5,5,forte-1,4,1000,0.05,X,realistic/dp0.001_mf0.01_rf0.01_gd0.008,0.155,1000,155,20260426_073627
MWPM+GraphTransformer,5,5,forte-1,4,1000,0.05,X,realistic/dp0.001_mf0.01_rf0.01_gd0.008,0.114,1000,114,20260426_073627
GCN,5,5,forte-1,4,1000,0.005,X,realistic/dp0.001_mf0.01_rf0.01_gd0.008,0.272,1000,272,20260426_073627
MWPM+GCN,5,5,forte-1,4,1000,0.005,X,realistic/dp0.001_mf0.01_rf0.01_gd0.008,0.144,1000,144,20260426_073627
GCN,5,5,forte-1,4,1000,0.01,X,realistic/dp0.001_mf0.01_rf0.01_gd0.008,0.423,1000,423,20260426_073627
MWPM+GCN,5,5,forte-1,4,1000,0.01,X,realistic/dp0.001_mf0.01_rf0.01_gd0.008,0.146,1000,146,20260426_073627
GCN,5,5,forte-1,4,1000,0.05,X,realistic/dp0.001_mf0.01_rf0.01_gd0.008,0.215,1000,215,20260426_073627
MWPM+GCN,5,5,forte-1,4,1000,0.05,X,realistic/dp0.001_mf0.01_rf0.01_gd0.008,0.133,1000,133,20260426_073627
GAT,5,5,forte-1,4,1000,0.005,X,realistic/dp0.001_mf0.01_rf0.01_gd0.008,0.173,1000,173,20260426_073627
MWPM+GAT,5,5,forte-1,4,1000,0.005,X,realistic/dp0.001_mf0.01_rf0.01_gd0.008,0.118,1000,118,20260426_073627
GAT,5,5,forte-1,4,1000,0.01,X,realistic/dp0.001_mf0.01_rf0.01_gd0.008,0.174,1000,174,20260426_073627
MWPM+GAT,5,5,forte-1,4,1000,0.01,X,realistic/dp0.001_mf0.01_rf0.01_gd0.008,0.116,1000,116,20260426_073627
GAT,5,5,forte-1,4,1000,0.05,X,realistic/dp0.001_mf0.01_rf0.01_gd0.008,0.353,1000,353,20260426_073627
MWPM+GAT,5,5,forte-1,4,1000,0.05,X,realistic/dp0.001_mf0.01_rf0.01_gd0.008,0.159,1000,159,20260426_073627
GNN,5,5,forte-1,4,1000,0.005,X,realistic/dp0.001_mf0.01_rf0.01_gd0.008,0.748,1000,748,20260426_073627
MWPM+GNN,5,5,forte-1,4,1000,0.005,X,realistic/dp0.001_mf0.01_rf0.01_gd0.008,0.217,1000,217,20260426_073627
GNN,5,5,forte-1,4,1000,0.01,X,realistic/dp0.001_mf0.01_rf0.01_gd0.008,0.561,1000,561,20260426_073627
MWPM+GNN,5,5,forte-1,4,1000,0.01,X,realistic/dp0.001_mf0.01_rf0.01_gd0.008,0.178,1000,178,20260426_073627
GNN,5,5,forte-1,4,1000,0.05,X,realistic/dp0.001_mf0.01_rf0.01_gd0.008,0.728,1000,728,20260426_073627
MWPM+GNN,5,5,forte-1,4,1000,0.05,X,realistic/dp0.001_mf0.01_rf0.01_gd0.008,0.209,1000,209,20260426_073627
GraphMamba,5,5,forte-1,4,1000,0.005,X,realistic/dp0.001_mf0.01_rf0.01_gd0.008,0.148,1000,148,20260426_073627
MWPM+GraphMamba,5,5,forte-1,4,1000,0.005,X,realistic/dp0.001_mf0.01_rf0.01_gd0.008,0.112,1000,112,20260426_073627
GraphMamba,5,5,forte-1,4,1000,0.01,X,realistic/dp0.001_mf0.01_rf0.01_gd0.008,0.148,1000,148,20260426_073627
MWPM+GraphMamba,5,5,forte-1,4,1000,0.01,X,realistic/dp0.001_mf0.01_rf0.01_gd0.008,0.112,1000,112,20260426_073627
GraphMamba,5,5,forte-1,4,1000,0.05,X,realistic/dp0.001_mf0.01_rf0.01_gd0.008,0.145,1000,145,20260426_073627
MWPM+GraphMamba,5,5,forte-1,4,1000,0.05,X,realistic/dp0.001_mf0.01_rf0.01_gd0.008,0.109,1000,109,20260426_073627
CNN,5,5,forte-1,4,1000,0.005,X,realistic/dp0.005_mf0.02_rf0.02_gd0.015,0.18,1000,180,20260426_073627
MWPM+CNN,5,5,forte-1,4,1000,0.005,X,realistic/dp0.005_mf0.02_rf0.02_gd0.015,0.123,1000,123,20260426_073627
CNN,5,5,forte-1,4,1000,0.01,X,realistic/dp0.005_mf0.02_rf0.02_gd0.015,0.18,1000,180,20260426_073627
MWPM+CNN,5,5,forte-1,4,1000,0.01,X,realistic/dp0.005_mf0.02_rf0.02_gd0.015,0.122,1000,122,20260426_073627
CNN,5,5,forte-1,4,1000,0.05,X,realistic/dp0.005_mf0.02_rf0.02_gd0.015,0.179,1000,179,20260426_073627
MWPM+CNN,5,5,forte-1,4,1000,0.05,X,realistic/dp0.005_mf0.02_rf0.02_gd0.015,0.118,1000,118,20260426_073627
GCNII,5,5,forte-1,4,1000,0.005,X,realistic/dp0.005_mf0.02_rf0.02_gd0.015,0.84,1000,840,20260426_073627
MWPM+GCNII,5,5,forte-1,4,1000,0.005,X,realistic/dp0.005_mf0.02_rf0.02_gd0.015,0.235,1000,235,20260426_073627
GCNII,5,5,forte-1,4,1000,0.01,X,realistic/dp0.005_mf0.02_rf0.02_gd0.015,0.16,1000,160,20260426_073627
MWPM+GCNII,5,5,forte-1,4,1000,0.01,X,realistic/dp0.005_mf0.02_rf0.02_gd0.015,0.115,1000,115,20260426_073627
GCNII,5,5,forte-1,4,1000,0.05,X,realistic/dp0.005_mf0.02_rf0.02_gd0.015,0.16,1000,160,20260426_073627
MWPM+GCNII,5,5,forte-1,4,1000,0.05,X,realistic/dp0.005_mf0.02_rf0.02_gd0.015,0.115,1000,115,20260426_073627
APPNP,5,5,forte-1,4,1000,0.005,X,realistic/dp0.005_mf0.02_rf0.02_gd0.015,0.16,1000,160,20260426_073627
MWPM+APPNP,5,5,forte-1,4,1000,0.005,X,realistic/dp0.005_mf0.02_rf0.02_gd0.015,0.115,1000,115,20260426_073627
APPNP,5,5,forte-1,4,1000,0.01,X,realistic/dp0.005_mf0.02_rf0.02_gd0.015,0.667,1000,667,20260426_073627
MWPM+APPNP,5,5,forte-1,4,1000,0.01,X,realistic/dp0.005_mf0.02_rf0.02_gd0.015,0.185,1000,185,20260426_073627
APPNP,5,5,forte-1,4,1000,0.05,X,realistic/dp0.005_mf0.02_rf0.02_gd0.015,0.833,1000,833,20260426_073627
MWPM+APPNP,5,5,forte-1,4,1000,0.05,X,realistic/dp0.005_mf0.02_rf0.02_gd0.015,0.228,1000,228,20260426_073627
GraphTransformer,5,5,forte-1,4,1000,0.005,X,realistic/dp0.005_mf0.02_rf0.02_gd0.015,0.16,1000,160,20260426_073627
MWPM+GraphTransformer,5,5,forte-1,4,1000,0.005,X,realistic/dp0.005_mf0.02_rf0.02_gd0.015,0.115,1000,115,20260426_073627
GraphTransformer,5,5,forte-1,4,1000,0.01,X,realistic/dp0.005_mf0.02_rf0.02_gd0.015,0.153,1000,153,20260426_073627
MWPM+GraphTransformer,5,5,forte-1,4,1000,0.01,X,realistic/dp0.005_mf0.02_rf0.02_gd0.015,0.114,1000,114,20260426_073627
GraphTransformer,5,5,forte-1,4,1000,0.05,X,realistic/dp0.005_mf0.02_rf0.02_gd0.015,0.157,1000,157,20260426_073627
MWPM+GraphTransformer,5,5,forte-1,4,1000,0.05,X,realistic/dp0.005_mf0.02_rf0.02_gd0.015,0.114,1000,114,20260426_073627
GCN,5,5,forte-1,4,1000,0.005,X,realistic/dp0.005_mf0.02_rf0.02_gd0.015,0.838,1000,838,20260426_073627
MWPM+GCN,5,5,forte-1,4,1000,0.005,X,realistic/dp0.005_mf0.02_rf0.02_gd0.015,0.234,1000,234,20260426_073627
GCN,5,5,forte-1,4,1000,0.01,X,realistic/dp0.005_mf0.02_rf0.02_gd0.015,0.606,1000,606,20260426_073627
MWPM+GCN,5,5,forte-1,4,1000,0.01,X,realistic/dp0.005_mf0.02_rf0.02_gd0.015,0.205,1000,205,20260426_073627
GCN,5,5,forte-1,4,1000,0.05,X,realistic/dp0.005_mf0.02_rf0.02_gd0.015,0.827,1000,827,20260426_073627
MWPM+GCN,5,5,forte-1,4,1000,0.05,X,realistic/dp0.005_mf0.02_rf0.02_gd0.015,0.229,1000,229,20260426_073627
GAT,5,5,forte-1,4,1000,0.005,X,realistic/dp0.005_mf0.02_rf0.02_gd0.015,0.186,1000,186,20260426_073627
MWPM+GAT,5,5,forte-1,4,1000,0.005,X,realistic/dp0.005_mf0.02_rf0.02_gd0.015,0.122,1000,122,20260426_073627
GAT,5,5,forte-1,4,1000,0.01,X,realistic/dp0.005_mf0.02_rf0.02_gd0.015,0.226,1000,226,20260426_073627
MWPM+GAT,5,5,forte-1,4,1000,0.01,X,realistic/dp0.005_mf0.02_rf0.02_gd0.015,0.131,1000,131,20260426_073627
GAT,5,5,forte-1,4,1000,0.05,X,realistic/dp0.005_mf0.02_rf0.02_gd0.015,0.196,1000,196,20260426_073627
MWPM+GAT,5,5,forte-1,4,1000,0.05,X,realistic/dp0.005_mf0.02_rf0.02_gd0.015,0.125,1000,125,20260426_073627
GNN,5,5,forte-1,4,1000,0.005,X,realistic/dp0.005_mf0.02_rf0.02_gd0.015,0.414,1000,414,20260426_073627
MWPM+GNN,5,5,forte-1,4,1000,0.005,X,realistic/dp0.005_mf0.02_rf0.02_gd0.015,0.159,1000,159,20260426_073627
GNN,5,5,forte-1,4,1000,0.01,X,realistic/dp0.005_mf0.02_rf0.02_gd0.015,0.335,1000,335,20260426_073627
MWPM+GNN,5,5,forte-1,4,1000,0.01,X,realistic/dp0.005_mf0.02_rf0.02_gd0.015,0.151,1000,151,20260426_073627
GNN,5,5,forte-1,4,1000,0.05,X,realistic/dp0.005_mf0.02_rf0.02_gd0.015,0.16,1000,160,20260426_073627
MWPM+GNN,5,5,forte-1,4,1000,0.05,X,realistic/dp0.005_mf0.02_rf0.02_gd0.015,0.115,1000,115,20260426_073627
GraphMamba,5,5,forte-1,4,1000,0.005,X,realistic/dp0.005_mf0.02_rf0.02_gd0.015,0.153,1000,153,20260426_073627
MWPM+GraphMamba,5,5,forte-1,4,1000,0.005,X,realistic/dp0.005_mf0.02_rf0.02_gd0.015,0.112,1000,112,20260426_073627
GraphMamba,5,5,forte-1,4,1000,0.01,X,realistic/dp0.005_mf0.02_rf0.02_gd0.015,0.15,1000,150,20260426_073627
MWPM+GraphMamba,5,5,forte-1,4,1000,0.01,X,realistic/dp0.005_mf0.02_rf0.02_gd0.015,0.11,1000,110,20260426_073627
GraphMamba,5,5,forte-1,4,1000,0.05,X,realistic/dp0.005_mf0.02_rf0.02_gd0.015,0.145,1000,145,20260426_073627
MWPM+GraphMamba,5,5,forte-1,4,1000,0.05,X,realistic/dp0.005_mf0.02_rf0.02_gd0.015,0.109,1000,109,20260426_073627
CNN,5,5,forte-1,4,1000,0.005,X,realistic/dp0.01_mf0.05_rf0.05_gd0.01,0.177,1000,177,20260426_073627
MWPM+CNN,5,5,forte-1,4,1000,0.005,X,realistic/dp0.01_mf0.05_rf0.05_gd0.01,0.122,1000,122,20260426_073627
CNN,5,5,forte-1,4,1000,0.01,X,realistic/dp0.01_mf0.05_rf0.05_gd0.01,0.167,1000,167,20260426_073627
MWPM+CNN,5,5,forte-1,4,1000,0.01,X,realistic/dp0.01_mf0.05_rf0.05_gd0.01,0.117,1000,117,20260426_073627
CNN,5,5,forte-1,4,1000,0.05,X,realistic/dp0.01_mf0.05_rf0.05_gd0.01,0.178,1000,178,20260426_073627
MWPM+CNN,5,5,forte-1,4,1000,0.05,X,realistic/dp0.01_mf0.05_rf0.05_gd0.01,0.124,1000,124,20260426_073627
GCNII,5,5,forte-1,4,1000,0.005,X,realistic/dp0.01_mf0.05_rf0.05_gd0.01,0.84,1000,840,20260426_073627
MWPM+GCNII,5,5,forte-1,4,1000,0.005,X,realistic/dp0.01_mf0.05_rf0.05_gd0.01,0.235,1000,235,20260426_073627
GCNII,5,5,forte-1,4,1000,0.01,X,realistic/dp0.01_mf0.05_rf0.05_gd0.01,0.84,1000,840,20260426_073627
MWPM+GCNII,5,5,forte-1,4,1000,0.01,X,realistic/dp0.01_mf0.05_rf0.05_gd0.01,0.235,1000,235,20260426_073627
GCNII,5,5,forte-1,4,1000,0.05,X,realistic/dp0.01_mf0.05_rf0.05_gd0.01,0.84,1000,840,20260426_073627
MWPM+GCNII,5,5,forte-1,4,1000,0.05,X,realistic/dp0.01_mf0.05_rf0.05_gd0.01,0.235,1000,235,20260426_073627
APPNP,5,5,forte-1,4,1000,0.005,X,realistic/dp0.01_mf0.05_rf0.05_gd0.01,0.16,1000,160,20260426_073627
MWPM+APPNP,5,5,forte-1,4,1000,0.005,X,realistic/dp0.01_mf0.05_rf0.05_gd0.01,0.115,1000,115,20260426_073627
APPNP,5,5,forte-1,4,1000,0.01,X,realistic/dp0.01_mf0.05_rf0.05_gd0.01,0.23,1000,230,20260426_073627
MWPM+APPNP,5,5,forte-1,4,1000,0.01,X,realistic/dp0.01_mf0.05_rf0.05_gd0.01,0.131,1000,131,20260426_073627
APPNP,5,5,forte-1,4,1000,0.05,X,realistic/dp0.01_mf0.05_rf0.05_gd0.01,0.84,1000,840,20260426_073627
MWPM+APPNP,5,5,forte-1,4,1000,0.05,X,realistic/dp0.01_mf0.05_rf0.05_gd0.01,0.235,1000,235,20260426_073627
GraphTransformer,5,5,forte-1,4,1000,0.005,X,realistic/dp0.01_mf0.05_rf0.05_gd0.01,0.159,1000,159,20260426_073627
MWPM+GraphTransformer,5,5,forte-1,4,1000,0.005,X,realistic/dp0.01_mf0.05_rf0.05_gd0.01,0.115,1000,115,20260426_073627
GraphTransformer,5,5,forte-1,4,1000,0.01,X,realistic/dp0.01_mf0.05_rf0.05_gd0.01,0.16,1000,160,20260426_073627
MWPM+GraphTransformer,5,5,forte-1,4,1000,0.01,X,realistic/dp0.01_mf0.05_rf0.05_gd0.01,0.115,1000,115,20260426_073627
GraphTransformer,5,5,forte-1,4,1000,0.05,X,realistic/dp0.01_mf0.05_rf0.05_gd0.01,0.159,1000,159,20260426_073627
MWPM+GraphTransformer,5,5,forte-1,4,1000,0.05,X,realistic/dp0.01_mf0.05_rf0.05_gd0.01,0.114,1000,114,20260426_073627
GCN,5,5,forte-1,4,1000,0.005,X,realistic/dp0.01_mf0.05_rf0.05_gd0.01,0.84,1000,840,20260426_073627
MWPM+GCN,5,5,forte-1,4,1000,0.005,X,realistic/dp0.01_mf0.05_rf0.05_gd0.01,0.235,1000,235,20260426_073627
GCN,5,5,forte-1,4,1000,0.01,X,realistic/dp0.01_mf0.05_rf0.05_gd0.01,0.16,1000,160,20260426_073627
MWPM+GCN,5,5,forte-1,4,1000,0.01,X,realistic/dp0.01_mf0.05_rf0.05_gd0.01,0.115,1000,115,20260426_073627
GCN,5,5,forte-1,4,1000,0.05,X,realistic/dp0.01_mf0.05_rf0.05_gd0.01,0.84,1000,840,20260426_073627
MWPM+GCN,5,5,forte-1,4,1000,0.05,X,realistic/dp0.01_mf0.05_rf0.05_gd0.01,0.235,1000,235,20260426_073627
GAT,5,5,forte-1,4,1000,0.005,X,realistic/dp0.01_mf0.05_rf0.05_gd0.01,0.176,1000,176,20260426_073627
MWPM+GAT,5,5,forte-1,4,1000,0.005,X,realistic/dp0.01_mf0.05_rf0.05_gd0.01,0.119,1000,119,20260426_073627
GAT,5,5,forte-1,4,1000,0.01,X,realistic/dp0.01_mf0.05_rf0.05_gd0.01,0.387,1000,387,20260426_073627
MWPM+GAT,5,5,forte-1,4,1000,0.01,X,realistic/dp0.01_mf0.05_rf0.05_gd0.01,0.163,1000,163,20260426_073627
GAT,5,5,forte-1,4,1000,0.05,X,realistic/dp0.01_mf0.05_rf0.05_gd0.01,0.199,1000,199,20260426_073627
MWPM+GAT,5,5,forte-1,4,1000,0.05,X,realistic/dp0.01_mf0.05_rf0.05_gd0.01,0.132,1000,132,20260426_073627
GNN,5,5,forte-1,4,1000,0.005,X,realistic/dp0.01_mf0.05_rf0.05_gd0.01,0.306,1000,306,20260426_073627
MWPM+GNN,5,5,forte-1,4,1000,0.005,X,realistic/dp0.01_mf0.05_rf0.05_gd0.01,0.143,1000,143,20260426_073627
GNN,5,5,forte-1,4,1000,0.01,X,realistic/dp0.01_mf0.05_rf0.05_gd0.01,0.418,1000,418,20260426_073627
MWPM+GNN,5,5,forte-1,4,1000,0.01,X,realistic/dp0.01_mf0.05_rf0.05_gd0.01,0.162,1000,162,20260426_073627
GNN,5,5,forte-1,4,1000,0.05,X,realistic/dp0.01_mf0.05_rf0.05_gd0.01,0.701,1000,701,20260426_073627
MWPM+GNN,5,5,forte-1,4,1000,0.05,X,realistic/dp0.01_mf0.05_rf0.05_gd0.01,0.226,1000,226,20260426_073627
GraphMamba,5,5,forte-1,4,1000,0.005,X,realistic/dp0.01_mf0.05_rf0.05_gd0.01,0.16,1000,160,20260426_073627
MWPM+GraphMamba,5,5,forte-1,4,1000,0.005,X,realistic/dp0.01_mf0.05_rf0.05_gd0.01,0.116,1000,116,20260426_073627
GraphMamba,5,5,forte-1,4,1000,0.01,X,realistic/dp0.01_mf0.05_rf0.05_gd0.01,0.156,1000,156,20260426_073627
MWPM+GraphMamba,5,5,forte-1,4,1000,0.01,X,realistic/dp0.01_mf0.05_rf0.05_gd0.01,0.114,1000,114,20260426_073627
GraphMamba,5,5,forte-1,4,1000,0.05,X,realistic/dp0.01_mf0.05_rf0.05_gd0.01,0.15,1000,150,20260426_073627
MWPM+GraphMamba,5,5,forte-1,4,1000,0.05,X,realistic/dp0.01_mf0.05_rf0.05_gd0.01,0.111,1000,111,20260426_073627
No_Correction,5,5,forte-1,5,1000,0.0,,,0.155,1000,155,20260426_073753
MWPM_Restriction,5,5,forte-1,5,1000,0.0,,,0.112,1000,112,20260426_073753
CNN,5,5,forte-1,5,1000,0.005,X,realistic/dp0.001_mf0.01_rf0.01_gd0.008,0.152,1000,152,20260426_073753
MWPM+CNN,5,5,forte-1,5,1000,0.005,X,realistic/dp0.001_mf0.01_rf0.01_gd0.008,0.116,1000,116,20260426_073753
CNN,5,5,forte-1,5,1000,0.01,X,realistic/dp0.001_mf0.01_rf0.01_gd0.008,0.149,1000,149,20260426_073753
MWPM+CNN,5,5,forte-1,5,1000,0.01,X,realistic/dp0.001_mf0.01_rf0.01_gd0.008,0.119,1000,119,20260426_073753
CNN,5,5,forte-1,5,1000,0.05,X,realistic/dp0.001_mf0.01_rf0.01_gd0.008,0.165,1000,165,20260426_073753
MWPM+CNN,5,5,forte-1,5,1000,0.05,X,realistic/dp0.001_mf0.01_rf0.01_gd0.008,0.12,1000,120,20260426_073753
GCNII,5,5,forte-1,5,1000,0.005,X,realistic/dp0.001_mf0.01_rf0.01_gd0.008,0.845,1000,845,20260426_073753
MWPM+GCNII,5,5,forte-1,5,1000,0.005,X,realistic/dp0.001_mf0.01_rf0.01_gd0.008,0.225,1000,225,20260426_073753
GCNII,5,5,forte-1,5,1000,0.01,X,realistic/dp0.001_mf0.01_rf0.01_gd0.008,0.845,1000,845,20260426_073753
MWPM+GCNII,5,5,forte-1,5,1000,0.01,X,realistic/dp0.001_mf0.01_rf0.01_gd0.008,0.225,1000,225,20260426_073753
GCNII,5,5,forte-1,5,1000,0.05,X,realistic/dp0.001_mf0.01_rf0.01_gd0.008,0.845,1000,845,20260426_073753
MWPM+GCNII,5,5,forte-1,5,1000,0.05,X,realistic/dp0.001_mf0.01_rf0.01_gd0.008,0.225,1000,225,20260426_073753
APPNP,5,5,forte-1,5,1000,0.005,X,realistic/dp0.001_mf0.01_rf0.01_gd0.008,0.845,1000,845,20260426_073753
MWPM+APPNP,5,5,forte-1,5,1000,0.005,X,realistic/dp0.001_mf0.01_rf0.01_gd0.008,0.225,1000,225,20260426_073753
APPNP,5,5,forte-1,5,1000,0.01,X,realistic/dp0.001_mf0.01_rf0.01_gd0.008,0.845,1000,845,20260426_073753
MWPM+APPNP,5,5,forte-1,5,1000,0.01,X,realistic/dp0.001_mf0.01_rf0.01_gd0.008,0.225,1000,225,20260426_073753
APPNP,5,5,forte-1,5,1000,0.05,X,realistic/dp0.001_mf0.01_rf0.01_gd0.008,0.277,1000,277,20260426_073753
MWPM+APPNP,5,5,forte-1,5,1000,0.05,X,realistic/dp0.001_mf0.01_rf0.01_gd0.008,0.158,1000,158,20260426_073753
GraphTransformer,5,5,forte-1,5,1000,0.005,X,realistic/dp0.001_mf0.01_rf0.01_gd0.008,0.147,1000,147,20260426_073753
MWPM+GraphTransformer,5,5,forte-1,5,1000,0.005,X,realistic/dp0.001_mf0.01_rf0.01_gd0.008,0.111,1000,111,20260426_073753
GraphTransformer,5,5,forte-1,5,1000,0.01,X,realistic/dp0.001_mf0.01_rf0.01_gd0.008,0.149,1000,149,20260426_073753
MWPM+GraphTransformer,5,5,forte-1,5,1000,0.01,X,realistic/dp0.001_mf0.01_rf0.01_gd0.008,0.113,1000,113,20260426_073753
GraphTransformer,5,5,forte-1,5,1000,0.05,X,realistic/dp0.001_mf0.01_rf0.01_gd0.008,0.151,1000,151,20260426_073753
MWPM+GraphTransformer,5,5,forte-1,5,1000,0.05,X,realistic/dp0.001_mf0.01_rf0.01_gd0.008,0.112,1000,112,20260426_073753
GCN,5,5,forte-1,5,1000,0.005,X,realistic/dp0.001_mf0.01_rf0.01_gd0.008,0.278,1000,278,20260426_073753
MWPM+GCN,5,5,forte-1,5,1000,0.005,X,realistic/dp0.001_mf0.01_rf0.01_gd0.008,0.151,1000,151,20260426_073753
GCN,5,5,forte-1,5,1000,0.01,X,realistic/dp0.001_mf0.01_rf0.01_gd0.008,0.407,1000,407,20260426_073753
MWPM+GCN,5,5,forte-1,5,1000,0.01,X,realistic/dp0.001_mf0.01_rf0.01_gd0.008,0.152,1000,152,20260426_073753
GCN,5,5,forte-1,5,1000,0.05,X,realistic/dp0.001_mf0.01_rf0.01_gd0.008,0.207,1000,207,20260426_073753
MWPM+GCN,5,5,forte-1,5,1000,0.05,X,realistic/dp0.001_mf0.01_rf0.01_gd0.008,0.124,1000,124,20260426_073753
GAT,5,5,forte-1,5,1000,0.005,X,realistic/dp0.001_mf0.01_rf0.01_gd0.008,0.178,1000,178,20260426_073753
MWPM+GAT,5,5,forte-1,5,1000,0.005,X,realistic/dp0.001_mf0.01_rf0.01_gd0.008,0.118,1000,118,20260426_073753
GAT,5,5,forte-1,5,1000,0.01,X,realistic/dp0.001_mf0.01_rf0.01_gd0.008,0.159,1000,159,20260426_073753
MWPM+GAT,5,5,forte-1,5,1000,0.01,X,realistic/dp0.001_mf0.01_rf0.01_gd0.008,0.12,1000,120,20260426_073753
GAT,5,5,forte-1,5,1000,0.05,X,realistic/dp0.001_mf0.01_rf0.01_gd0.008,0.328,1000,328,20260426_073753
MWPM+GAT,5,5,forte-1,5,1000,0.05,X,realistic/dp0.001_mf0.01_rf0.01_gd0.008,0.148,1000,148,20260426_073753
GNN,5,5,forte-1,5,1000,0.005,X,realistic/dp0.001_mf0.01_rf0.01_gd0.008,0.729,1000,729,20260426_073753
MWPM+GNN,5,5,forte-1,5,1000,0.005,X,realistic/dp0.001_mf0.01_rf0.01_gd0.008,0.207,1000,207,20260426_073753
GNN,5,5,forte-1,5,1000,0.01,X,realistic/dp0.001_mf0.01_rf0.01_gd0.008,0.586,1000,586,20260426_073753
MWPM+GNN,5,5,forte-1,5,1000,0.01,X,realistic/dp0.001_mf0.01_rf0.01_gd0.008,0.18,1000,180,20260426_073753
GNN,5,5,forte-1,5,1000,0.05,X,realistic/dp0.001_mf0.01_rf0.01_gd0.008,0.74,1000,740,20260426_073753
MWPM+GNN,5,5,forte-1,5,1000,0.05,X,realistic/dp0.001_mf0.01_rf0.01_gd0.008,0.215,1000,215,20260426_073753
GraphMamba,5,5,forte-1,5,1000,0.005,X,realistic/dp0.001_mf0.01_rf0.01_gd0.008,0.14,1000,140,20260426_073753
MWPM+GraphMamba,5,5,forte-1,5,1000,0.005,X,realistic/dp0.001_mf0.01_rf0.01_gd0.008,0.11,1000,110,20260426_073753
GraphMamba,5,5,forte-1,5,1000,0.01,X,realistic/dp0.001_mf0.01_rf0.01_gd0.008,0.14,1000,140,20260426_073753
MWPM+GraphMamba,5,5,forte-1,5,1000,0.01,X,realistic/dp0.001_mf0.01_rf0.01_gd0.008,0.111,1000,111,20260426_073753
GraphMamba,5,5,forte-1,5,1000,0.05,X,realistic/dp0.001_mf0.01_rf0.01_gd0.008,0.142,1000,142,20260426_073753
MWPM+GraphMamba,5,5,forte-1,5,1000,0.05,X,realistic/dp0.001_mf0.01_rf0.01_gd0.008,0.113,1000,113,20260426_073753
CNN,5,5,forte-1,5,1000,0.005,X,realistic/dp0.005_mf0.02_rf0.02_gd0.015,0.172,1000,172,20260426_073753
MWPM+CNN,5,5,forte-1,5,1000,0.005,X,realistic/dp0.005_mf0.02_rf0.02_gd0.015,0.115,1000,115,20260426_073753
CNN,5,5,forte-1,5,1000,0.01,X,realistic/dp0.005_mf0.02_rf0.02_gd0.015,0.179,1000,179,20260426_073753
MWPM+CNN,5,5,forte-1,5,1000,0.01,X,realistic/dp0.005_mf0.02_rf0.02_gd0.015,0.12,1000,120,20260426_073753
CNN,5,5,forte-1,5,1000,0.05,X,realistic/dp0.005_mf0.02_rf0.02_gd0.015,0.181,1000,181,20260426_073753
MWPM+CNN,5,5,forte-1,5,1000,0.05,X,realistic/dp0.005_mf0.02_rf0.02_gd0.015,0.12,1000,120,20260426_073753
GCNII,5,5,forte-1,5,1000,0.005,X,realistic/dp0.005_mf0.02_rf0.02_gd0.015,0.845,1000,845,20260426_073753
MWPM+GCNII,5,5,forte-1,5,1000,0.005,X,realistic/dp0.005_mf0.02_rf0.02_gd0.015,0.225,1000,225,20260426_073753
GCNII,5,5,forte-1,5,1000,0.01,X,realistic/dp0.005_mf0.02_rf0.02_gd0.015,0.155,1000,155,20260426_073753
MWPM+GCNII,5,5,forte-1,5,1000,0.01,X,realistic/dp0.005_mf0.02_rf0.02_gd0.015,0.112,1000,112,20260426_073753
GCNII,5,5,forte-1,5,1000,0.05,X,realistic/dp0.005_mf0.02_rf0.02_gd0.015,0.155,1000,155,20260426_073753
MWPM+GCNII,5,5,forte-1,5,1000,0.05,X,realistic/dp0.005_mf0.02_rf0.02_gd0.015,0.112,1000,112,20260426_073753
APPNP,5,5,forte-1,5,1000,0.005,X,realistic/dp0.005_mf0.02_rf0.02_gd0.015,0.155,1000,155,20260426_073753
MWPM+APPNP,5,5,forte-1,5,1000,0.005,X,realistic/dp0.005_mf0.02_rf0.02_gd0.015,0.112,1000,112,20260426_073753
APPNP,5,5,forte-1,5,1000,0.01,X,realistic/dp0.005_mf0.02_rf0.02_gd0.015,0.664,1000,664,20260426_073753
MWPM+APPNP,5,5,forte-1,5,1000,0.01,X,realistic/dp0.005_mf0.02_rf0.02_gd0.015,0.175,1000,175,20260426_073753
APPNP,5,5,forte-1,5,1000,0.05,X,realistic/dp0.005_mf0.02_rf0.02_gd0.015,0.835,1000,835,20260426_073753
MWPM+APPNP,5,5,forte-1,5,1000,0.05,X,realistic/dp0.005_mf0.02_rf0.02_gd0.015,0.215,1000,215,20260426_073753
GraphTransformer,5,5,forte-1,5,1000,0.005,X,realistic/dp0.005_mf0.02_rf0.02_gd0.015,0.155,1000,155,20260426_073753
MWPM+GraphTransformer,5,5,forte-1,5,1000,0.005,X,realistic/dp0.005_mf0.02_rf0.02_gd0.015,0.112,1000,112,20260426_073753
GraphTransformer,5,5,forte-1,5,1000,0.01,X,realistic/dp0.005_mf0.02_rf0.02_gd0.015,0.148,1000,148,20260426_073753
MWPM+GraphTransformer,5,5,forte-1,5,1000,0.01,X,realistic/dp0.005_mf0.02_rf0.02_gd0.015,0.113,1000,113,20260426_073753
GraphTransformer,5,5,forte-1,5,1000,0.05,X,realistic/dp0.005_mf0.02_rf0.02_gd0.015,0.153,1000,153,20260426_073753
MWPM+GraphTransformer,5,5,forte-1,5,1000,0.05,X,realistic/dp0.005_mf0.02_rf0.02_gd0.015,0.111,1000,111,20260426_073753
GCN,5,5,forte-1,5,1000,0.005,X,realistic/dp0.005_mf0.02_rf0.02_gd0.015,0.844,1000,844,20260426_073753
MWPM+GCN,5,5,forte-1,5,1000,0.005,X,realistic/dp0.005_mf0.02_rf0.02_gd0.015,0.225,1000,225,20260426_073753
GCN,5,5,forte-1,5,1000,0.01,X,realistic/dp0.005_mf0.02_rf0.02_gd0.015,0.627,1000,627,20260426_073753
MWPM+GCN,5,5,forte-1,5,1000,0.01,X,realistic/dp0.005_mf0.02_rf0.02_gd0.015,0.197,1000,197,20260426_073753
GCN,5,5,forte-1,5,1000,0.05,X,realistic/dp0.005_mf0.02_rf0.02_gd0.015,0.83,1000,830,20260426_073753
MWPM+GCN,5,5,forte-1,5,1000,0.05,X,realistic/dp0.005_mf0.02_rf0.02_gd0.015,0.217,1000,217,20260426_073753
GAT,5,5,forte-1,5,1000,0.005,X,realistic/dp0.005_mf0.02_rf0.02_gd0.015,0.193,1000,193,20260426_073753
MWPM+GAT,5,5,forte-1,5,1000,0.005,X,realistic/dp0.005_mf0.02_rf0.02_gd0.015,0.123,1000,123,20260426_073753
GAT,5,5,forte-1,5,1000,0.01,X,realistic/dp0.005_mf0.02_rf0.02_gd0.015,0.198,1000,198,20260426_073753
MWPM+GAT,5,5,forte-1,5,1000,0.01,X,realistic/dp0.005_mf0.02_rf0.02_gd0.015,0.125,1000,125,20260426_073753
GAT,5,5,forte-1,5,1000,0.05,X,realistic/dp0.005_mf0.02_rf0.02_gd0.015,0.18,1000,180,20260426_073753
MWPM+GAT,5,5,forte-1,5,1000,0.05,X,realistic/dp0.005_mf0.02_rf0.02_gd0.015,0.118,1000,118,20260426_073753
GNN,5,5,forte-1,5,1000,0.005,X,realistic/dp0.005_mf0.02_rf0.02_gd0.015,0.418,1000,418,20260426_073753
MWPM+GNN,5,5,forte-1,5,1000,0.005,X,realistic/dp0.005_mf0.02_rf0.02_gd0.015,0.154,1000,154,20260426_073753
GNN,5,5,forte-1,5,1000,0.01,X,realistic/dp0.005_mf0.02_rf0.02_gd0.015,0.311,1000,311,20260426_073753
MWPM+GNN,5,5,forte-1,5,1000,0.01,X,realistic/dp0.005_mf0.02_rf0.02_gd0.015,0.143,1000,143,20260426_073753
GNN,5,5,forte-1,5,1000,0.05,X,realistic/dp0.005_mf0.02_rf0.02_gd0.015,0.155,1000,155,20260426_073753
MWPM+GNN,5,5,forte-1,5,1000,0.05,X,realistic/dp0.005_mf0.02_rf0.02_gd0.015,0.112,1000,112,20260426_073753
GraphMamba,5,5,forte-1,5,1000,0.005,X,realistic/dp0.005_mf0.02_rf0.02_gd0.015,0.148,1000,148,20260426_073753
MWPM+GraphMamba,5,5,forte-1,5,1000,0.005,X,realistic/dp0.005_mf0.02_rf0.02_gd0.015,0.112,1000,112,20260426_073753
GraphMamba,5,5,forte-1,5,1000,0.01,X,realistic/dp0.005_mf0.02_rf0.02_gd0.015,0.145,1000,145,20260426_073753
MWPM+GraphMamba,5,5,forte-1,5,1000,0.01,X,realistic/dp0.005_mf0.02_rf0.02_gd0.015,0.113,1000,113,20260426_073753
GraphMamba,5,5,forte-1,5,1000,0.05,X,realistic/dp0.005_mf0.02_rf0.02_gd0.015,0.141,1000,141,20260426_073753
MWPM+GraphMamba,5,5,forte-1,5,1000,0.05,X,realistic/dp0.005_mf0.02_rf0.02_gd0.015,0.112,1000,112,20260426_073753
CNN,5,5,forte-1,5,1000,0.005,X,realistic/dp0.01_mf0.05_rf0.05_gd0.01,0.179,1000,179,20260426_073753
MWPM+CNN,5,5,forte-1,5,1000,0.005,X,realistic/dp0.01_mf0.05_rf0.05_gd0.01,0.122,1000,122,20260426_073753
CNN,5,5,forte-1,5,1000,0.01,X,realistic/dp0.01_mf0.05_rf0.05_gd0.01,0.16,1000,160,20260426_073753
MWPM+CNN,5,5,forte-1,5,1000,0.01,X,realistic/dp0.01_mf0.05_rf0.05_gd0.01,0.112,1000,112,20260426_073753
CNN,5,5,forte-1,5,1000,0.05,X,realistic/dp0.01_mf0.05_rf0.05_gd0.01,0.183,1000,183,20260426_073753
MWPM+CNN,5,5,forte-1,5,1000,0.05,X,realistic/dp0.01_mf0.05_rf0.05_gd0.01,0.121,1000,121,20260426_073753
GCNII,5,5,forte-1,5,1000,0.005,X,realistic/dp0.01_mf0.05_rf0.05_gd0.01,0.845,1000,845,20260426_073753
MWPM+GCNII,5,5,forte-1,5,1000,0.005,X,realistic/dp0.01_mf0.05_rf0.05_gd0.01,0.225,1000,225,20260426_073753
GCNII,5,5,forte-1,5,1000,0.01,X,realistic/dp0.01_mf0.05_rf0.05_gd0.01,0.845,1000,845,20260426_073753
MWPM+GCNII,5,5,forte-1,5,1000,0.01,X,realistic/dp0.01_mf0.05_rf0.05_gd0.01,0.225,1000,225,20260426_073753
GCNII,5,5,forte-1,5,1000,0.05,X,realistic/dp0.01_mf0.05_rf0.05_gd0.01,0.845,1000,845,20260426_073753
MWPM+GCNII,5,5,forte-1,5,1000,0.05,X,realistic/dp0.01_mf0.05_rf0.05_gd0.01,0.225,1000,225,20260426_073753
APPNP,5,5,forte-1,5,1000,0.005,X,realistic/dp0.01_mf0.05_rf0.05_gd0.01,0.155,1000,155,20260426_073753
MWPM+APPNP,5,5,forte-1,5,1000,0.005,X,realistic/dp0.01_mf0.05_rf0.05_gd0.01,0.112,1000,112,20260426_073753
APPNP,5,5,forte-1,5,1000,0.01,X,realistic/dp0.01_mf0.05_rf0.05_gd0.01,0.226,1000,226,20260426_073753
MWPM+APPNP,5,5,forte-1,5,1000,0.01,X,realistic/dp0.01_mf0.05_rf0.05_gd0.01,0.137,1000,137,20260426_073753
APPNP,5,5,forte-1,5,1000,0.05,X,realistic/dp0.01_mf0.05_rf0.05_gd0.01,0.845,1000,845,20260426_073753
MWPM+APPNP,5,5,forte-1,5,1000,0.05,X,realistic/dp0.01_mf0.05_rf0.05_gd0.01,0.225,1000,225,20260426_073753
GraphTransformer,5,5,forte-1,5,1000,0.005,X,realistic/dp0.01_mf0.05_rf0.05_gd0.01,0.155,1000,155,20260426_073753
MWPM+GraphTransformer,5,5,forte-1,5,1000,0.005,X,realistic/dp0.01_mf0.05_rf0.05_gd0.01,0.113,1000,113,20260426_073753
GraphTransformer,5,5,forte-1,5,1000,0.01,X,realistic/dp0.01_mf0.05_rf0.05_gd0.01,0.155,1000,155,20260426_073753
MWPM+GraphTransformer,5,5,forte-1,5,1000,0.01,X,realistic/dp0.01_mf0.05_rf0.05_gd0.01,0.112,1000,112,20260426_073753
GraphTransformer,5,5,forte-1,5,1000,0.05,X,realistic/dp0.01_mf0.05_rf0.05_gd0.01,0.153,1000,153,20260426_073753
MWPM+GraphTransformer,5,5,forte-1,5,1000,0.05,X,realistic/dp0.01_mf0.05_rf0.05_gd0.01,0.111,1000,111,20260426_073753
GCN,5,5,forte-1,5,1000,0.005,X,realistic/dp0.01_mf0.05_rf0.05_gd0.01,0.844,1000,844,20260426_073753
MWPM+GCN,5,5,forte-1,5,1000,0.005,X,realistic/dp0.01_mf0.05_rf0.05_gd0.01,0.225,1000,225,20260426_073753
GCN,5,5,forte-1,5,1000,0.01,X,realistic/dp0.01_mf0.05_rf0.05_gd0.01,0.155,1000,155,20260426_073753
MWPM+GCN,5,5,forte-1,5,1000,0.01,X,realistic/dp0.01_mf0.05_rf0.05_gd0.01,0.112,1000,112,20260426_073753
GCN,5,5,forte-1,5,1000,0.05,X,realistic/dp0.01_mf0.05_rf0.05_gd0.01,0.845,1000,845,20260426_073753
MWPM+GCN,5,5,forte-1,5,1000,0.05,X,realistic/dp0.01_mf0.05_rf0.05_gd0.01,0.225,1000,225,20260426_073753
GAT,5,5,forte-1,5,1000,0.005,X,realistic/dp0.01_mf0.05_rf0.05_gd0.01,0.165,1000,165,20260426_073753
MWPM+GAT,5,5,forte-1,5,1000,0.005,X,realistic/dp0.01_mf0.05_rf0.05_gd0.01,0.114,1000,114,20260426_073753
GAT,5,5,forte-1,5,1000,0.01,X,realistic/dp0.01_mf0.05_rf0.05_gd0.01,0.367,1000,367,20260426_073753
MWPM+GAT,5,5,forte-1,5,1000,0.01,X,realistic/dp0.01_mf0.05_rf0.05_gd0.01,0.156,1000,156,20260426_073753
GAT,5,5,forte-1,5,1000,0.05,X,realistic/dp0.01_mf0.05_rf0.05_gd0.01,0.185,1000,185,20260426_073753
MWPM+GAT,5,5,forte-1,5,1000,0.05,X,realistic/dp0.01_mf0.05_rf0.05_gd0.01,0.122,1000,122,20260426_073753
GNN,5,5,forte-1,5,1000,0.005,X,realistic/dp0.01_mf0.05_rf0.05_gd0.01,0.326,1000,326,20260426_073753
MWPM+GNN,5,5,forte-1,5,1000,0.005,X,realistic/dp0.01_mf0.05_rf0.05_gd0.01,0.149,1000,149,20260426_073753
GNN,5,5,forte-1,5,1000,0.01,X,realistic/dp0.01_mf0.05_rf0.05_gd0.01,0.391,1000,391,20260426_073753
MWPM+GNN,5,5,forte-1,5,1000,0.01,X,realistic/dp0.01_mf0.05_rf0.05_gd0.01,0.143,1000,143,20260426_073753
GNN,5,5,forte-1,5,1000,0.05,X,realistic/dp0.01_mf0.05_rf0.05_gd0.01,0.691,1000,691,20260426_073753
MWPM+GNN,5,5,forte-1,5,1000,0.05,X,realistic/dp0.01_mf0.05_rf0.05_gd0.01,0.205,1000,205,20260426_073753
GraphMamba,5,5,forte-1,5,1000,0.005,X,realistic/dp0.01_mf0.05_rf0.05_gd0.01,0.152,1000,152,20260426_073753
MWPM+GraphMamba,5,5,forte-1,5,1000,0.005,X,realistic/dp0.01_mf0.05_rf0.05_gd0.01,0.114,1000,114,20260426_073753
GraphMamba,5,5,forte-1,5,1000,0.01,X,realistic/dp0.01_mf0.05_rf0.05_gd0.01,0.146,1000,146,20260426_073753
MWPM+GraphMamba,5,5,forte-1,5,1000,0.01,X,realistic/dp0.01_mf0.05_rf0.05_gd0.01,0.113,1000,113,20260426_073753
GraphMamba,5,5,forte-1,5,1000,0.05,X,realistic/dp0.01_mf0.05_rf0.05_gd0.01,0.139,1000,139,20260426_073753
MWPM+GraphMamba,5,5,forte-1,5,1000,0.05,X,realistic/dp0.01_mf0.05_rf0.05_gd0.01,0.112,1000,112,20260426_073753
